	label	index
0	holdout	674
1	holdout	679
2	holdout	680
3	holdout	681
4	holdout	682
5	holdout	683
6	holdout	684
7	holdout	685
8	holdout	686
9	holdout	687
10	holdout	688
11	holdout	689
12	holdout	690
13	holdout	691
14	holdout	692
15	holdout	693
16	holdout	392
17	holdout	393
18	holdout	394
19	holdout	395
20	holdout	396
21	holdout	397
22	holdout	398
23	holdout	399
24	holdout	400
25	holdout	401
26	holdout	402
27	holdout	403
28	holdout	404
29	holdout	405
30	holdout	406
31	holdout	407
32	holdout	408
33	holdout	409
34	holdout	410
35	holdout	411
36	holdout	412
37	holdout	413
38	holdout	414
39	holdout	415
40	holdout	416
41	holdout	417
42	holdout	418
43	holdout	419
44	holdout	420
45	holdout	421
46	holdout	422
47	holdout	423
48	holdout	424
49	holdout	425
50	holdout	426
51	holdout	427
52	holdout	428
53	holdout	429
54	holdout	430
55	holdout	431
56	holdout	432
57	holdout	433
58	holdout	434
59	holdout	435
60	holdout	436
61	holdout	437
62	holdout	438
63	holdout	2836
64	holdout	2837
65	holdout	2838
66	holdout	2839
67	holdout	3348
68	holdout	3349
69	holdout	3350
70	holdout	3351
71	holdout	3352
72	holdout	3353
73	holdout	3354
74	holdout	3355
75	holdout	3356
76	holdout	3357
77	holdout	3358
78	holdout	776
79	holdout	777
80	holdout	778
81	holdout	779
82	holdout	780
83	holdout	781
84	holdout	782
85	holdout	784
86	holdout	785
87	holdout	786
88	holdout	787
89	holdout	788
90	holdout	789
91	holdout	790
92	holdout	791
93	holdout	792
94	holdout	793
95	holdout	794
96	test	1861
97	test	1532
98	test	2871
99	test	1949
100	test	193
101	test	2012
102	test	2577
103	test	3468
104	test	2560
105	test	746
106	test	2835
107	test	2104
108	test	2736
109	test	2020
110	test	3544
111	test	3907
112	test	2163
113	test	761
114	test	815
115	test	1486
116	test	1031
117	test	1219
118	test	898
119	test	2008
120	test	908
121	test	4302
122	test	3174
123	test	1518
124	test	2764
125	test	1043
126	test	342
127	test	3540
128	test	4095
129	test	2491
130	test	1881
131	test	2028
132	test	3501
133	test	1077
134	test	868
135	test	1820
136	test	3612
137	test	1075
138	test	2040
139	test	1460
140	test	4280
141	test	2173
142	test	4032
143	test	3437
144	test	2150
145	test	2470
146	test	2311
147	test	1942
148	test	3475
149	test	3876
150	test	907
151	test	554
152	test	3941
153	test	2091
154	test	3440
155	test	3196
156	test	3072
157	test	1217
158	test	1961
159	test	2258
160	test	737
161	test	698
162	test	1323
163	test	440
164	test	4282
165	test	3786
166	test	3510
167	test	4042
168	test	220
169	test	3532
170	test	247
171	test	114
172	test	1454
173	test	2522
174	test	2316
175	test	3912
176	test	2870
177	test	3854
178	test	295
179	test	2278
180	test	3261
181	test	2298
182	test	1975
183	test	2653
184	test	235
185	test	1981
186	test	3937
187	test	635
188	test	2033
189	test	2516
190	test	596
191	test	1155
192	test	884
193	test	2633
194	test	1105
195	test	1194
196	test	2504
197	test	3329
198	test	519
199	test	2938
200	test	3939
201	test	509
202	test	3590
203	test	4289
204	test	1396
205	test	2372
206	test	3638
207	test	3724
208	test	1009
209	test	169
210	test	3819
211	test	3873
212	test	665
213	test	1439
214	test	960
215	test	3750
216	test	3370
217	test	4099
218	test	2206
219	test	72
220	test	2025
221	test	3799
222	test	3015
223	test	22
224	test	2845
225	test	2909
226	test	2809
227	test	3675
228	test	909
229	test	2480
230	test	145
231	test	3197
232	test	250
233	test	736
234	test	1066
235	test	1734
236	test	1370
237	test	3076
238	test	1753
239	test	191
240	test	1850
241	test	2271
242	test	461
243	test	81
244	test	1028
245	test	2872
246	test	2679
247	test	1856
248	test	3045
249	test	564
250	test	4197
251	test	4287
252	test	1459
253	test	2434
254	test	1750
255	test	2454
256	test	2944
257	test	3965
258	test	1582
259	test	335
260	test	1001
261	test	1675
262	test	950
263	test	2599
264	test	2985
265	test	3588
266	test	2500
267	test	2717
268	test	978
269	test	2657
270	test	3378
271	test	3579
272	test	4123
273	test	1004
274	test	2730
275	test	3229
276	test	3443
277	test	315
278	test	1997
279	test	3479
280	test	1328
281	test	1438
282	test	3059
283	test	3237
284	test	1586
285	test	1406
286	test	703
287	test	2457
288	test	57
289	test	2160
290	test	3252
291	test	1886
292	test	1901
293	test	13
294	test	339
295	test	1467
296	test	3568
297	test	2704
298	test	3807
299	test	3428
300	test	1773
301	test	4121
302	test	308
303	test	636
304	test	1055
305	test	2339
306	test	1676
307	test	2303
308	test	2047
309	test	715
310	test	320
311	test	3931
312	test	1919
313	test	701
314	test	1520
315	test	3989
316	test	2540
317	test	1952
318	test	2103
319	test	2860
320	test	2562
321	test	1441
322	test	2085
323	test	2799
324	test	1226
325	test	1131
326	test	2529
327	test	1265
328	test	4129
329	test	2055
330	test	1682
331	test	1838
332	test	4188
333	test	334
334	test	1336
335	test	1445
336	test	3604
337	test	3192
338	test	3379
339	test	1704
340	test	1775
341	test	2737
342	test	1461
343	test	2126
344	test	2032
345	test	2134
346	test	999
347	test	367
348	test	3994
349	test	1025
350	test	68
351	test	2800
352	test	4101
353	test	95
354	test	327
355	test	4040
356	test	3022
357	test	938
358	test	2468
359	test	2270
360	test	3028
361	test	3680
362	test	1163
363	test	1644
364	test	1022
365	test	972
366	test	3154
367	test	3836
368	test	1679
369	test	3247
370	test	3256
371	test	1315
372	test	2375
373	test	658
374	test	3373
375	test	3964
376	test	1481
377	test	454
378	test	2001
379	test	3410
380	test	1909
381	test	4012
382	test	2523
383	test	3936
384	test	2344
385	test	352
386	test	125
387	test	2014
388	test	3671
389	test	4080
390	test	6
391	test	2952
392	test	2459
393	test	2680
394	test	1076
395	test	3722
396	test	1503
397	test	1487
398	test	4235
399	test	288
400	test	2744
401	test	4167
402	test	532
403	test	3763
404	test	1511
405	test	2617
406	test	1504
407	test	447
408	test	2654
409	test	283
410	test	3115
411	test	2088
412	test	348
413	test	3097
414	test	2416
415	test	3602
416	test	3513
417	test	2217
418	test	4186
419	test	1261
420	test	3606
421	test	2823
422	test	2191
423	test	1052
424	test	3054
425	test	71
426	test	338
427	test	1594
428	test	2925
429	test	3308
430	test	3147
431	test	2256
432	test	4114
433	test	1048
434	test	3401
435	test	2388
436	test	3961
437	test	2355
438	test	2810
439	test	739
440	test	2759
441	test	1528
442	test	51
443	test	958
444	test	1479
445	test	2818
446	test	2873
447	test	1293
448	test	3507
449	test	3165
450	test	1388
451	test	2174
452	test	1581
453	test	2183
454	test	3069
455	test	154
456	test	2527
457	test	3887
458	test	1385
459	test	4077
460	test	928
461	test	3664
462	test	4044
463	test	3090
464	test	1171
465	test	2844
466	test	356
467	test	4086
468	test	3641
469	test	1602
470	test	1358
471	test	2638
472	test	1832
473	test	3649
474	test	1743
475	test	3928
476	test	3131
477	test	3400
478	test	2405
479	test	3555
480	test	3814
481	test	15
482	test	2456
483	test	3756
484	test	1778
485	test	2196
486	test	3548
487	test	1233
488	test	252
489	test	2980
490	test	3837
491	test	4056
492	test	2524
493	test	376
494	test	1752
495	test	3032
496	test	3326
497	test	2237
498	test	1210
499	test	1562
500	test	1985
501	test	3230
502	test	1650
503	test	83
504	test	1295
505	test	210
506	test	1215
507	test	1309
508	test	2161
509	test	3731
510	test	2619
511	test	697
512	test	3917
513	test	3384
514	test	4218
515	test	2407
516	test	877
517	test	1759
518	test	1745
519	test	3599
520	test	1044
521	test	2479
522	test	2713
523	test	1717
524	test	4049
525	test	1692
526	test	1318
527	test	959
528	test	4284
529	test	2461
530	test	1415
531	test	750
532	test	2058
533	test	3380
534	test	3975
535	test	1658
536	test	3419
537	test	1770
538	test	2997
539	test	1761
540	test	1757
541	test	3563
542	test	1382
543	test	1168
544	test	1673
545	test	1379
546	test	2067
547	test	94
548	test	1766
549	test	3629
550	test	3567
551	test	603
552	test	2011
553	test	1464
554	test	3739
555	test	3672
556	test	2000
557	test	3538
558	test	3417
559	test	135
560	test	3053
561	test	4053
562	test	3883
563	test	387
564	test	2220
565	test	3875
566	test	1199
567	test	4043
568	test	2124
569	test	3203
570	test	4297
571	test	359
572	test	1286
573	test	997
574	test	80
575	test	2901
576	test	123
577	test	2972
578	test	2391
579	test	541
580	test	1763
581	test	1912
582	test	1725
583	test	3055
584	test	3776
585	test	821
586	test	77
587	test	2569
588	test	1899
589	test	3874
590	test	2976
591	test	1394
592	test	2289
593	test	840
594	test	3878
595	test	3048
596	test	4046
597	test	3311
598	test	1818
599	test	1789
600	test	2305
601	test	4007
602	test	1597
603	test	3021
604	test	3545
605	test	2409
606	test	3792
607	test	3296
608	test	2352
609	test	1020
610	test	2141
611	test	720
612	test	2616
613	test	3412
614	test	345
615	test	1862
616	test	1185
617	test	1895
618	test	1392
619	test	769
620	test	2371
621	test	1845
622	test	3182
623	test	2541
624	test	19
625	test	2642
626	test	2849
627	test	3425
628	test	347
629	test	512
630	test	2842
631	test	1273
632	test	2158
633	test	1114
634	test	2312
635	test	1143
636	test	499
637	test	1329
638	test	1691
639	test	2247
640	test	2284
641	test	46
642	test	2232
643	test	3523
644	test	3978
645	test	1510
646	test	388
647	test	2444
648	test	2790
649	test	1649
650	test	3861
651	test	4205
652	test	2920
653	test	1211
654	test	775
655	test	1110
656	test	2543
657	test	696
658	test	3004
659	test	2621
660	test	3241
661	test	4203
662	test	1507
663	test	2387
664	test	1361
665	test	2965
666	test	3200
667	test	90
668	test	4011
669	test	3908
670	test	3083
671	test	832
672	test	3753
673	test	1869
674	test	3867
675	test	42
676	test	3915
677	test	2128
678	test	945
679	test	2398
680	test	977
681	test	914
682	test	1339
683	test	1456
684	test	4260
685	test	3628
686	test	1491
687	test	1452
688	test	1865
689	test	3295
690	test	3741
691	test	1148
692	test	3389
693	test	4052
694	test	570
695	test	3759
696	test	1488
697	test	3292
698	test	2983
699	test	3283
700	train	4
701	train	5
702	train	7
703	train	8
704	train	9
705	train	10
706	train	11
707	train	12
708	train	14
709	train	16
710	train	17
711	train	18
712	train	20
713	train	21
714	train	23
715	train	24
716	train	25
717	train	26
718	train	27
719	train	28
720	train	29
721	train	30
722	train	31
723	train	32
724	train	33
725	train	34
726	train	35
727	train	36
728	train	37
729	train	38
730	train	39
731	train	40
732	train	41
733	train	43
734	train	44
735	train	45
736	train	47
737	train	48
738	train	49
739	train	50
740	train	52
741	train	53
742	train	54
743	train	55
744	train	56
745	train	58
746	train	59
747	train	60
748	train	61
749	train	62
750	train	63
751	train	64
752	train	65
753	train	66
754	train	67
755	train	69
756	train	70
757	train	73
758	train	74
759	train	75
760	train	76
761	train	78
762	train	79
763	train	82
764	train	84
765	train	85
766	train	86
767	train	87
768	train	88
769	train	89
770	train	91
771	train	92
772	train	93
773	train	96
774	train	97
775	train	98
776	train	99
777	train	100
778	train	101
779	train	102
780	train	103
781	train	104
782	train	105
783	train	106
784	train	107
785	train	108
786	train	109
787	train	110
788	train	111
789	train	112
790	train	113
791	train	115
792	train	116
793	train	117
794	train	118
795	train	119
796	train	120
797	train	121
798	train	122
799	train	124
800	train	126
801	train	127
802	train	128
803	train	129
804	train	130
805	train	131
806	train	132
807	train	133
808	train	134
809	train	136
810	train	137
811	train	138
812	train	139
813	train	140
814	train	141
815	train	142
816	train	143
817	train	144
818	train	146
819	train	147
820	train	148
821	train	149
822	train	150
823	train	151
824	train	152
825	train	153
826	train	155
827	train	156
828	train	157
829	train	158
830	train	159
831	train	160
832	train	162
833	train	163
834	train	166
835	train	167
836	train	168
837	train	170
838	train	171
839	train	175
840	train	176
841	train	177
842	train	178
843	train	179
844	train	180
845	train	181
846	train	182
847	train	183
848	train	185
849	train	186
850	train	187
851	train	188
852	train	189
853	train	190
854	train	192
855	train	194
856	train	195
857	train	196
858	train	197
859	train	198
860	train	199
861	train	200
862	train	201
863	train	203
864	train	204
865	train	207
866	train	208
867	train	209
868	train	211
869	train	212
870	train	213
871	train	214
872	train	215
873	train	216
874	train	217
875	train	218
876	train	219
877	train	221
878	train	222
879	train	223
880	train	224
881	train	225
882	train	226
883	train	227
884	train	228
885	train	229
886	train	230
887	train	231
888	train	232
889	train	233
890	train	234
891	train	236
892	train	237
893	train	238
894	train	239
895	train	240
896	train	241
897	train	242
898	train	243
899	train	244
900	train	245
901	train	246
902	train	248
903	train	249
904	train	251
905	train	253
906	train	254
907	train	255
908	train	256
909	train	257
910	train	258
911	train	259
912	train	260
913	train	261
914	train	262
915	train	263
916	train	264
917	train	265
918	train	266
919	train	267
920	train	268
921	train	269
922	train	270
923	train	271
924	train	272
925	train	273
926	train	274
927	train	275
928	train	276
929	train	277
930	train	278
931	train	279
932	train	280
933	train	281
934	train	282
935	train	284
936	train	285
937	train	286
938	train	287
939	train	289
940	train	290
941	train	291
942	train	292
943	train	293
944	train	294
945	train	296
946	train	297
947	train	298
948	train	299
949	train	300
950	train	301
951	train	302
952	train	303
953	train	304
954	train	305
955	train	306
956	train	307
957	train	309
958	train	310
959	train	311
960	train	312
961	train	313
962	train	314
963	train	316
964	train	317
965	train	318
966	train	319
967	train	321
968	train	322
969	train	323
970	train	324
971	train	325
972	train	326
973	train	328
974	train	329
975	train	330
976	train	331
977	train	332
978	train	333
979	train	336
980	train	337
981	train	340
982	train	341
983	train	343
984	train	344
985	train	346
986	train	349
987	train	350
988	train	351
989	train	353
990	train	354
991	train	355
992	train	357
993	train	358
994	train	360
995	train	361
996	train	362
997	train	363
998	train	364
999	train	365
1000	train	366
1001	train	368
1002	train	369
1003	train	370
1004	train	371
1005	train	372
1006	train	373
1007	train	374
1008	train	375
1009	train	377
1010	train	378
1011	train	379
1012	train	380
1013	train	381
1014	train	382
1015	train	383
1016	train	384
1017	train	385
1018	train	386
1019	train	389
1020	train	390
1021	train	391
1022	train	439
1023	train	441
1024	train	442
1025	train	443
1026	train	444
1027	train	445
1028	train	446
1029	train	448
1030	train	449
1031	train	450
1032	train	451
1033	train	452
1034	train	453
1035	train	455
1036	train	456
1037	train	457
1038	train	458
1039	train	459
1040	train	460
1041	train	462
1042	train	463
1043	train	464
1044	train	465
1045	train	466
1046	train	467
1047	train	468
1048	train	469
1049	train	470
1050	train	474
1051	train	476
1052	train	477
1053	train	478
1054	train	479
1055	train	480
1056	train	481
1057	train	482
1058	train	483
1059	train	484
1060	train	485
1061	train	486
1062	train	487
1063	train	488
1064	train	489
1065	train	490
1066	train	491
1067	train	492
1068	train	493
1069	train	494
1070	train	495
1071	train	496
1072	train	497
1073	train	498
1074	train	500
1075	train	501
1076	train	502
1077	train	503
1078	train	504
1079	train	505
1080	train	506
1081	train	507
1082	train	508
1083	train	510
1084	train	511
1085	train	513
1086	train	514
1087	train	515
1088	train	516
1089	train	517
1090	train	518
1091	train	521
1092	train	523
1093	train	524
1094	train	525
1095	train	526
1096	train	527
1097	train	528
1098	train	529
1099	train	530
1100	train	531
1101	train	533
1102	train	534
1103	train	535
1104	train	536
1105	train	537
1106	train	538
1107	train	539
1108	train	540
1109	train	542
1110	train	544
1111	train	545
1112	train	546
1113	train	547
1114	train	548
1115	train	549
1116	train	550
1117	train	551
1118	train	552
1119	train	553
1120	train	555
1121	train	556
1122	train	557
1123	train	558
1124	train	559
1125	train	560
1126	train	561
1127	train	562
1128	train	563
1129	train	565
1130	train	566
1131	train	567
1132	train	568
1133	train	569
1134	train	571
1135	train	574
1136	train	576
1137	train	578
1138	train	579
1139	train	580
1140	train	581
1141	train	582
1142	train	583
1143	train	584
1144	train	585
1145	train	586
1146	train	590
1147	train	591
1148	train	592
1149	train	594
1150	train	595
1151	train	597
1152	train	598
1153	train	599
1154	train	600
1155	train	601
1156	train	602
1157	train	604
1158	train	605
1159	train	606
1160	train	607
1161	train	608
1162	train	609
1163	train	610
1164	train	624
1165	train	625
1166	train	626
1167	train	637
1168	train	638
1169	train	639
1170	train	659
1171	train	660
1172	train	661
1173	train	662
1174	train	663
1175	train	664
1176	train	694
1177	train	695
1178	train	699
1179	train	700
1180	train	702
1181	train	704
1182	train	705
1183	train	706
1184	train	707
1185	train	708
1186	train	709
1187	train	710
1188	train	711
1189	train	712
1190	train	713
1191	train	714
1192	train	716
1193	train	717
1194	train	718
1195	train	719
1196	train	721
1197	train	722
1198	train	723
1199	train	724
1200	train	725
1201	train	726
1202	train	727
1203	train	728
1204	train	729
1205	train	730
1206	train	731
1207	train	732
1208	train	733
1209	train	734
1210	train	735
1211	train	738
1212	train	740
1213	train	741
1214	train	742
1215	train	743
1216	train	744
1217	train	745
1218	train	747
1219	train	748
1220	train	749
1221	train	751
1222	train	752
1223	train	753
1224	train	754
1225	train	755
1226	train	756
1227	train	757
1228	train	758
1229	train	759
1230	train	760
1231	train	762
1232	train	763
1233	train	764
1234	train	765
1235	train	766
1236	train	767
1237	train	768
1238	train	770
1239	train	771
1240	train	772
1241	train	773
1242	train	774
1243	train	795
1244	train	796
1245	train	797
1246	train	798
1247	train	799
1248	train	800
1249	train	801
1250	train	802
1251	train	803
1252	train	804
1253	train	805
1254	train	806
1255	train	807
1256	train	808
1257	train	809
1258	train	810
1259	train	811
1260	train	814
1261	train	816
1262	train	817
1263	train	818
1264	train	819
1265	train	820
1266	train	822
1267	train	823
1268	train	824
1269	train	825
1270	train	826
1271	train	827
1272	train	828
1273	train	829
1274	train	830
1275	train	831
1276	train	833
1277	train	834
1278	train	835
1279	train	836
1280	train	837
1281	train	838
1282	train	839
1283	train	841
1284	train	842
1285	train	843
1286	train	844
1287	train	845
1288	train	846
1289	train	847
1290	train	848
1291	train	849
1292	train	850
1293	train	851
1294	train	852
1295	train	853
1296	train	854
1297	train	855
1298	train	856
1299	train	857
1300	train	858
1301	train	859
1302	train	860
1303	train	861
1304	train	862
1305	train	863
1306	train	864
1307	train	865
1308	train	866
1309	train	867
1310	train	869
1311	train	870
1312	train	871
1313	train	872
1314	train	873
1315	train	874
1316	train	875
1317	train	876
1318	train	878
1319	train	879
1320	train	880
1321	train	881
1322	train	882
1323	train	883
1324	train	885
1325	train	886
1326	train	887
1327	train	888
1328	train	889
1329	train	890
1330	train	891
1331	train	892
1332	train	893
1333	train	894
1334	train	895
1335	train	896
1336	train	897
1337	train	899
1338	train	900
1339	train	901
1340	train	902
1341	train	903
1342	train	904
1343	train	905
1344	train	906
1345	train	910
1346	train	911
1347	train	912
1348	train	913
1349	train	915
1350	train	916
1351	train	917
1352	train	918
1353	train	919
1354	train	920
1355	train	921
1356	train	922
1357	train	923
1358	train	924
1359	train	925
1360	train	926
1361	train	927
1362	train	929
1363	train	930
1364	train	931
1365	train	932
1366	train	933
1367	train	934
1368	train	935
1369	train	936
1370	train	937
1371	train	939
1372	train	940
1373	train	941
1374	train	942
1375	train	943
1376	train	944
1377	train	946
1378	train	947
1379	train	948
1380	train	949
1381	train	951
1382	train	952
1383	train	953
1384	train	954
1385	train	955
1386	train	956
1387	train	957
1388	train	961
1389	train	962
1390	train	963
1391	train	964
1392	train	965
1393	train	966
1394	train	967
1395	train	968
1396	train	969
1397	train	970
1398	train	971
1399	train	973
1400	train	974
1401	train	975
1402	train	976
1403	train	979
1404	train	980
1405	train	981
1406	train	982
1407	train	983
1408	train	984
1409	train	985
1410	train	986
1411	train	987
1412	train	988
1413	train	989
1414	train	990
1415	train	991
1416	train	992
1417	train	993
1418	train	994
1419	train	995
1420	train	996
1421	train	998
1422	train	1000
1423	train	1002
1424	train	1003
1425	train	1005
1426	train	1006
1427	train	1007
1428	train	1008
1429	train	1010
1430	train	1011
1431	train	1012
1432	train	1013
1433	train	1014
1434	train	1015
1435	train	1016
1436	train	1017
1437	train	1018
1438	train	1019
1439	train	1021
1440	train	1023
1441	train	1024
1442	train	1026
1443	train	1027
1444	train	1029
1445	train	1030
1446	train	1032
1447	train	1033
1448	train	1034
1449	train	1035
1450	train	1036
1451	train	1037
1452	train	1038
1453	train	1039
1454	train	1040
1455	train	1041
1456	train	1042
1457	train	1045
1458	train	1046
1459	train	1047
1460	train	1049
1461	train	1050
1462	train	1051
1463	train	1053
1464	train	1054
1465	train	1056
1466	train	1057
1467	train	1058
1468	train	1059
1469	train	1060
1470	train	1061
1471	train	1062
1472	train	1063
1473	train	1064
1474	train	1065
1475	train	1067
1476	train	1068
1477	train	1069
1478	train	1070
1479	train	1071
1480	train	1072
1481	train	1073
1482	train	1074
1483	train	1078
1484	train	1079
1485	train	1080
1486	train	1081
1487	train	1082
1488	train	1083
1489	train	1084
1490	train	1085
1491	train	1086
1492	train	1087
1493	train	1088
1494	train	1089
1495	train	1090
1496	train	1091
1497	train	1092
1498	train	1093
1499	train	1094
1500	train	1095
1501	train	1096
1502	train	1097
1503	train	1098
1504	train	1099
1505	train	1100
1506	train	1101
1507	train	1102
1508	train	1103
1509	train	1104
1510	train	1106
1511	train	1107
1512	train	1108
1513	train	1109
1514	train	1111
1515	train	1112
1516	train	1113
1517	train	1115
1518	train	1116
1519	train	1117
1520	train	1118
1521	train	1119
1522	train	1120
1523	train	1121
1524	train	1122
1525	train	1123
1526	train	1124
1527	train	1125
1528	train	1126
1529	train	1127
1530	train	1128
1531	train	1129
1532	train	1130
1533	train	1132
1534	train	1133
1535	train	1134
1536	train	1135
1537	train	1136
1538	train	1137
1539	train	1138
1540	train	1139
1541	train	1140
1542	train	1141
1543	train	1142
1544	train	1144
1545	train	1145
1546	train	1146
1547	train	1147
1548	train	1149
1549	train	1150
1550	train	1151
1551	train	1152
1552	train	1153
1553	train	1154
1554	train	1156
1555	train	1157
1556	train	1158
1557	train	1159
1558	train	1160
1559	train	1161
1560	train	1162
1561	train	1164
1562	train	1165
1563	train	1166
1564	train	1167
1565	train	1169
1566	train	1170
1567	train	1172
1568	train	1173
1569	train	1174
1570	train	1175
1571	train	1176
1572	train	1177
1573	train	1178
1574	train	1179
1575	train	1180
1576	train	1181
1577	train	1182
1578	train	1183
1579	train	1184
1580	train	1186
1581	train	1187
1582	train	1188
1583	train	1189
1584	train	1190
1585	train	1191
1586	train	1192
1587	train	1193
1588	train	1195
1589	train	1196
1590	train	1197
1591	train	1198
1592	train	1200
1593	train	1201
1594	train	1202
1595	train	1203
1596	train	1204
1597	train	1205
1598	train	1206
1599	train	1207
1600	train	1208
1601	train	1209
1602	train	1212
1603	train	1213
1604	train	1214
1605	train	1216
1606	train	1218
1607	train	1220
1608	train	1221
1609	train	1222
1610	train	1223
1611	train	1224
1612	train	1225
1613	train	1227
1614	train	1228
1615	train	1229
1616	train	1230
1617	train	1231
1618	train	1232
1619	train	1234
1620	train	1235
1621	train	1236
1622	train	1237
1623	train	1238
1624	train	1239
1625	train	1240
1626	train	1241
1627	train	1242
1628	train	1243
1629	train	1244
1630	train	1245
1631	train	1246
1632	train	1247
1633	train	1248
1634	train	1249
1635	train	1250
1636	train	1251
1637	train	1252
1638	train	1253
1639	train	1254
1640	train	1255
1641	train	1256
1642	train	1257
1643	train	1258
1644	train	1259
1645	train	1260
1646	train	1262
1647	train	1263
1648	train	1264
1649	train	1266
1650	train	1267
1651	train	1268
1652	train	1269
1653	train	1270
1654	train	1271
1655	train	1272
1656	train	1274
1657	train	1275
1658	train	1276
1659	train	1277
1660	train	1278
1661	train	1279
1662	train	1280
1663	train	1281
1664	train	1282
1665	train	1283
1666	train	1284
1667	train	1285
1668	train	1287
1669	train	1288
1670	train	1289
1671	train	1290
1672	train	1291
1673	train	1292
1674	train	1294
1675	train	1296
1676	train	1297
1677	train	1298
1678	train	1299
1679	train	1300
1680	train	1301
1681	train	1302
1682	train	1303
1683	train	1304
1684	train	1305
1685	train	1306
1686	train	1307
1687	train	1308
1688	train	1310
1689	train	1311
1690	train	1312
1691	train	1313
1692	train	1314
1693	train	1316
1694	train	1317
1695	train	1319
1696	train	1320
1697	train	1321
1698	train	1322
1699	train	1324
1700	train	1325
1701	train	1326
1702	train	1327
1703	train	1330
1704	train	1331
1705	train	1332
1706	train	1333
1707	train	1334
1708	train	1335
1709	train	1337
1710	train	1338
1711	train	1340
1712	train	1341
1713	train	1342
1714	train	1343
1715	train	1344
1716	train	1345
1717	train	1346
1718	train	1347
1719	train	1348
1720	train	1349
1721	train	1350
1722	train	1351
1723	train	1352
1724	train	1353
1725	train	1354
1726	train	1355
1727	train	1356
1728	train	1357
1729	train	1359
1730	train	1360
1731	train	1362
1732	train	1363
1733	train	1364
1734	train	1365
1735	train	1366
1736	train	1367
1737	train	1368
1738	train	1369
1739	train	1371
1740	train	1372
1741	train	1373
1742	train	1374
1743	train	1375
1744	train	1376
1745	train	1377
1746	train	1378
1747	train	1380
1748	train	1381
1749	train	1383
1750	train	1384
1751	train	1386
1752	train	1387
1753	train	1389
1754	train	1390
1755	train	1391
1756	train	1393
1757	train	1395
1758	train	1397
1759	train	1398
1760	train	1399
1761	train	1400
1762	train	1401
1763	train	1402
1764	train	1403
1765	train	1404
1766	train	1405
1767	train	1407
1768	train	1408
1769	train	1409
1770	train	1410
1771	train	1411
1772	train	1412
1773	train	1413
1774	train	1414
1775	train	1416
1776	train	1417
1777	train	1418
1778	train	1419
1779	train	1420
1780	train	1421
1781	train	1422
1782	train	1423
1783	train	1424
1784	train	1425
1785	train	1426
1786	train	1427
1787	train	1428
1788	train	1429
1789	train	1430
1790	train	1431
1791	train	1432
1792	train	1433
1793	train	1434
1794	train	1435
1795	train	1436
1796	train	1437
1797	train	1440
1798	train	1442
1799	train	1443
1800	train	1444
1801	train	1446
1802	train	1447
1803	train	1448
1804	train	1449
1805	train	1450
1806	train	1451
1807	train	1453
1808	train	1455
1809	train	1457
1810	train	1458
1811	train	1462
1812	train	1463
1813	train	1465
1814	train	1466
1815	train	1468
1816	train	1469
1817	train	1470
1818	train	1471
1819	train	1472
1820	train	1473
1821	train	1474
1822	train	1475
1823	train	1476
1824	train	1477
1825	train	1478
1826	train	1480
1827	train	1482
1828	train	1483
1829	train	1484
1830	train	1485
1831	train	1489
1832	train	1490
1833	train	1492
1834	train	1493
1835	train	1494
1836	train	1495
1837	train	1496
1838	train	1497
1839	train	1498
1840	train	1499
1841	train	1500
1842	train	1501
1843	train	1502
1844	train	1505
1845	train	1506
1846	train	1508
1847	train	1509
1848	train	1512
1849	train	1513
1850	train	1514
1851	train	1515
1852	train	1516
1853	train	1517
1854	train	1519
1855	train	1521
1856	train	1522
1857	train	1523
1858	train	1524
1859	train	1525
1860	train	1526
1861	train	1527
1862	train	1529
1863	train	1530
1864	train	1531
1865	train	1533
1866	train	1534
1867	train	1535
1868	train	1536
1869	train	1537
1870	train	1538
1871	train	1539
1872	train	1540
1873	train	1541
1874	train	1542
1875	train	1543
1876	train	1544
1877	train	1545
1878	train	1546
1879	train	1547
1880	train	1548
1881	train	1549
1882	train	1550
1883	train	1551
1884	train	1552
1885	train	1553
1886	train	1554
1887	train	1555
1888	train	1556
1889	train	1557
1890	train	1558
1891	train	1559
1892	train	1560
1893	train	1561
1894	train	1563
1895	train	1564
1896	train	1565
1897	train	1566
1898	train	1567
1899	train	1568
1900	train	1569
1901	train	1570
1902	train	1571
1903	train	1572
1904	train	1573
1905	train	1574
1906	train	1575
1907	train	1576
1908	train	1577
1909	train	1578
1910	train	1579
1911	train	1580
1912	train	1583
1913	train	1584
1914	train	1585
1915	train	1587
1916	train	1588
1917	train	1589
1918	train	1590
1919	train	1591
1920	train	1592
1921	train	1593
1922	train	1595
1923	train	1596
1924	train	1598
1925	train	1599
1926	train	1600
1927	train	1601
1928	train	1603
1929	train	1604
1930	train	1605
1931	train	1606
1932	train	1607
1933	train	1608
1934	train	1609
1935	train	1610
1936	train	1611
1937	train	1612
1938	train	1613
1939	train	1614
1940	train	1615
1941	train	1616
1942	train	1617
1943	train	1618
1944	train	1619
1945	train	1620
1946	train	1621
1947	train	1622
1948	train	1623
1949	train	1624
1950	train	1625
1951	train	1626
1952	train	1627
1953	train	1628
1954	train	1629
1955	train	1630
1956	train	1631
1957	train	1632
1958	train	1633
1959	train	1634
1960	train	1635
1961	train	1636
1962	train	1637
1963	train	1638
1964	train	1639
1965	train	1640
1966	train	1641
1967	train	1642
1968	train	1643
1969	train	1645
1970	train	1646
1971	train	1647
1972	train	1648
1973	train	1651
1974	train	1652
1975	train	1653
1976	train	1654
1977	train	1655
1978	train	1656
1979	train	1657
1980	train	1659
1981	train	1660
1982	train	1661
1983	train	1662
1984	train	1663
1985	train	1664
1986	train	1665
1987	train	1666
1988	train	1667
1989	train	1668
1990	train	1669
1991	train	1670
1992	train	1671
1993	train	1672
1994	train	1674
1995	train	1677
1996	train	1678
1997	train	1680
1998	train	1681
1999	train	1683
2000	train	1684
2001	train	1685
2002	train	1686
2003	train	1687
2004	train	1688
2005	train	1689
2006	train	1690
2007	train	1693
2008	train	1694
2009	train	1695
2010	train	1696
2011	train	1697
2012	train	1698
2013	train	1699
2014	train	1700
2015	train	1701
2016	train	1702
2017	train	1703
2018	train	1705
2019	train	1706
2020	train	1707
2021	train	1708
2022	train	1709
2023	train	1710
2024	train	1711
2025	train	1712
2026	train	1713
2027	train	1714
2028	train	1715
2029	train	1716
2030	train	1718
2031	train	1719
2032	train	1720
2033	train	1721
2034	train	1722
2035	train	1723
2036	train	1724
2037	train	1726
2038	train	1727
2039	train	1728
2040	train	1729
2041	train	1730
2042	train	1731
2043	train	1732
2044	train	1733
2045	train	1735
2046	train	1736
2047	train	1737
2048	train	1738
2049	train	1739
2050	train	1740
2051	train	1741
2052	train	1742
2053	train	1744
2054	train	1746
2055	train	1747
2056	train	1748
2057	train	1749
2058	train	1751
2059	train	1754
2060	train	1755
2061	train	1756
2062	train	1758
2063	train	1760
2064	train	1762
2065	train	1764
2066	train	1765
2067	train	1767
2068	train	1768
2069	train	1769
2070	train	1771
2071	train	1772
2072	train	1774
2073	train	1776
2074	train	1777
2075	train	1779
2076	train	1780
2077	train	1781
2078	train	1782
2079	train	1783
2080	train	1784
2081	train	1785
2082	train	1786
2083	train	1787
2084	train	1788
2085	train	1790
2086	train	1791
2087	train	1792
2088	train	1793
2089	train	1794
2090	train	1795
2091	train	1796
2092	train	1797
2093	train	1798
2094	train	1799
2095	train	1800
2096	train	1801
2097	train	1802
2098	train	1803
2099	train	1804
2100	train	1805
2101	train	1806
2102	train	1807
2103	train	1808
2104	train	1809
2105	train	1810
2106	train	1811
2107	train	1812
2108	train	1813
2109	train	1814
2110	train	1815
2111	train	1816
2112	train	1817
2113	train	1819
2114	train	1821
2115	train	1822
2116	train	1823
2117	train	1824
2118	train	1825
2119	train	1826
2120	train	1827
2121	train	1828
2122	train	1829
2123	train	1830
2124	train	1831
2125	train	1833
2126	train	1834
2127	train	1835
2128	train	1836
2129	train	1837
2130	train	1839
2131	train	1840
2132	train	1841
2133	train	1842
2134	train	1843
2135	train	1844
2136	train	1846
2137	train	1847
2138	train	1848
2139	train	1849
2140	train	1851
2141	train	1852
2142	train	1853
2143	train	1854
2144	train	1855
2145	train	1857
2146	train	1858
2147	train	1859
2148	train	1860
2149	train	1863
2150	train	1864
2151	train	1866
2152	train	1867
2153	train	1868
2154	train	1870
2155	train	1871
2156	train	1872
2157	train	1873
2158	train	1874
2159	train	1875
2160	train	1876
2161	train	1877
2162	train	1878
2163	train	1879
2164	train	1880
2165	train	1882
2166	train	1883
2167	train	1884
2168	train	1885
2169	train	1887
2170	train	1888
2171	train	1889
2172	train	1890
2173	train	1891
2174	train	1892
2175	train	1893
2176	train	1894
2177	train	1896
2178	train	1897
2179	train	1898
2180	train	1900
2181	train	1902
2182	train	1903
2183	train	1904
2184	train	1905
2185	train	1906
2186	train	1907
2187	train	1908
2188	train	1910
2189	train	1911
2190	train	1913
2191	train	1914
2192	train	1915
2193	train	1916
2194	train	1917
2195	train	1918
2196	train	1920
2197	train	1921
2198	train	1922
2199	train	1923
2200	train	1924
2201	train	1925
2202	train	1926
2203	train	1927
2204	train	1928
2205	train	1929
2206	train	1930
2207	train	1931
2208	train	1932
2209	train	1933
2210	train	1934
2211	train	1935
2212	train	1936
2213	train	1937
2214	train	1938
2215	train	1939
2216	train	1940
2217	train	1941
2218	train	1943
2219	train	1944
2220	train	1945
2221	train	1946
2222	train	1947
2223	train	1948
2224	train	1950
2225	train	1951
2226	train	1953
2227	train	1954
2228	train	1955
2229	train	1956
2230	train	1957
2231	train	1958
2232	train	1959
2233	train	1960
2234	train	1962
2235	train	1963
2236	train	1964
2237	train	1965
2238	train	1966
2239	train	1967
2240	train	1968
2241	train	1969
2242	train	1970
2243	train	1971
2244	train	1972
2245	train	1973
2246	train	1974
2247	train	1976
2248	train	1977
2249	train	1978
2250	train	1979
2251	train	1980
2252	train	1982
2253	train	1983
2254	train	1984
2255	train	1986
2256	train	1987
2257	train	1988
2258	train	1989
2259	train	1990
2260	train	1991
2261	train	1992
2262	train	1993
2263	train	1994
2264	train	1995
2265	train	1996
2266	train	1998
2267	train	1999
2268	train	2002
2269	train	2003
2270	train	2004
2271	train	2005
2272	train	2006
2273	train	2007
2274	train	2009
2275	train	2010
2276	train	2013
2277	train	2015
2278	train	2016
2279	train	2017
2280	train	2018
2281	train	2019
2282	train	2021
2283	train	2022
2284	train	2023
2285	train	2024
2286	train	2026
2287	train	2027
2288	train	2029
2289	train	2030
2290	train	2031
2291	train	2034
2292	train	2035
2293	train	2036
2294	train	2037
2295	train	2038
2296	train	2039
2297	train	2041
2298	train	2042
2299	train	2043
2300	train	2044
2301	train	2045
2302	train	2046
2303	train	2048
2304	train	2049
2305	train	2050
2306	train	2051
2307	train	2052
2308	train	2053
2309	train	2054
2310	train	2056
2311	train	2057
2312	train	2059
2313	train	2060
2314	train	2061
2315	train	2062
2316	train	2063
2317	train	2064
2318	train	2065
2319	train	2066
2320	train	2068
2321	train	2069
2322	train	2070
2323	train	2071
2324	train	2072
2325	train	2073
2326	train	2074
2327	train	2075
2328	train	2076
2329	train	2077
2330	train	2078
2331	train	2079
2332	train	2080
2333	train	2081
2334	train	2082
2335	train	2083
2336	train	2084
2337	train	2086
2338	train	2087
2339	train	2089
2340	train	2090
2341	train	2092
2342	train	2093
2343	train	2094
2344	train	2095
2345	train	2096
2346	train	2097
2347	train	2098
2348	train	2099
2349	train	2100
2350	train	2101
2351	train	2102
2352	train	2105
2353	train	2106
2354	train	2107
2355	train	2108
2356	train	2109
2357	train	2110
2358	train	2111
2359	train	2112
2360	train	2113
2361	train	2114
2362	train	2115
2363	train	2116
2364	train	2117
2365	train	2118
2366	train	2119
2367	train	2120
2368	train	2121
2369	train	2122
2370	train	2123
2371	train	2125
2372	train	2127
2373	train	2129
2374	train	2130
2375	train	2131
2376	train	2132
2377	train	2133
2378	train	2135
2379	train	2136
2380	train	2137
2381	train	2138
2382	train	2139
2383	train	2140
2384	train	2142
2385	train	2143
2386	train	2144
2387	train	2145
2388	train	2146
2389	train	2147
2390	train	2148
2391	train	2149
2392	train	2151
2393	train	2152
2394	train	2153
2395	train	2154
2396	train	2155
2397	train	2156
2398	train	2157
2399	train	2159
2400	train	2162
2401	train	2164
2402	train	2165
2403	train	2166
2404	train	2167
2405	train	2168
2406	train	2169
2407	train	2170
2408	train	2171
2409	train	2172
2410	train	2175
2411	train	2176
2412	train	2177
2413	train	2178
2414	train	2179
2415	train	2180
2416	train	2181
2417	train	2182
2418	train	2184
2419	train	2185
2420	train	2186
2421	train	2187
2422	train	2188
2423	train	2189
2424	train	2190
2425	train	2192
2426	train	2193
2427	train	2194
2428	train	2195
2429	train	2197
2430	train	2198
2431	train	2199
2432	train	2200
2433	train	2201
2434	train	2202
2435	train	2203
2436	train	2204
2437	train	2205
2438	train	2207
2439	train	2208
2440	train	2209
2441	train	2210
2442	train	2211
2443	train	2212
2444	train	2213
2445	train	2214
2446	train	2215
2447	train	2216
2448	train	2218
2449	train	2219
2450	train	2221
2451	train	2222
2452	train	2223
2453	train	2224
2454	train	2225
2455	train	2226
2456	train	2227
2457	train	2228
2458	train	2229
2459	train	2230
2460	train	2231
2461	train	2233
2462	train	2234
2463	train	2235
2464	train	2236
2465	train	2238
2466	train	2239
2467	train	2240
2468	train	2241
2469	train	2242
2470	train	2243
2471	train	2244
2472	train	2245
2473	train	2246
2474	train	2248
2475	train	2249
2476	train	2250
2477	train	2251
2478	train	2252
2479	train	2253
2480	train	2254
2481	train	2255
2482	train	2257
2483	train	2259
2484	train	2260
2485	train	2261
2486	train	2262
2487	train	2263
2488	train	2264
2489	train	2265
2490	train	2266
2491	train	2267
2492	train	2268
2493	train	2269
2494	train	2272
2495	train	2273
2496	train	2274
2497	train	2275
2498	train	2276
2499	train	2277
2500	train	2279
2501	train	2280
2502	train	2281
2503	train	2282
2504	train	2283
2505	train	2285
2506	train	2286
2507	train	2287
2508	train	2288
2509	train	2290
2510	train	2291
2511	train	2292
2512	train	2293
2513	train	2294
2514	train	2295
2515	train	2296
2516	train	2297
2517	train	2299
2518	train	2300
2519	train	2301
2520	train	2302
2521	train	2304
2522	train	2306
2523	train	2307
2524	train	2308
2525	train	2309
2526	train	2310
2527	train	2313
2528	train	2314
2529	train	2315
2530	train	2317
2531	train	2318
2532	train	2319
2533	train	2320
2534	train	2321
2535	train	2322
2536	train	2323
2537	train	2324
2538	train	2325
2539	train	2326
2540	train	2327
2541	train	2328
2542	train	2329
2543	train	2330
2544	train	2331
2545	train	2332
2546	train	2333
2547	train	2334
2548	train	2335
2549	train	2336
2550	train	2337
2551	train	2338
2552	train	2340
2553	train	2341
2554	train	2342
2555	train	2343
2556	train	2345
2557	train	2346
2558	train	2347
2559	train	2348
2560	train	2349
2561	train	2350
2562	train	2351
2563	train	2353
2564	train	2354
2565	train	2356
2566	train	2357
2567	train	2358
2568	train	2359
2569	train	2360
2570	train	2361
2571	train	2362
2572	train	2363
2573	train	2364
2574	train	2365
2575	train	2366
2576	train	2367
2577	train	2368
2578	train	2369
2579	train	2370
2580	train	2373
2581	train	2374
2582	train	2376
2583	train	2377
2584	train	2378
2585	train	2379
2586	train	2380
2587	train	2381
2588	train	2382
2589	train	2383
2590	train	2384
2591	train	2385
2592	train	2386
2593	train	2389
2594	train	2390
2595	train	2392
2596	train	2393
2597	train	2394
2598	train	2395
2599	train	2396
2600	train	2397
2601	train	2399
2602	train	2400
2603	train	2401
2604	train	2402
2605	train	2403
2606	train	2404
2607	train	2406
2608	train	2408
2609	train	2410
2610	train	2411
2611	train	2412
2612	train	2413
2613	train	2414
2614	train	2415
2615	train	2417
2616	train	2418
2617	train	2419
2618	train	2420
2619	train	2421
2620	train	2422
2621	train	2423
2622	train	2424
2623	train	2425
2624	train	2426
2625	train	2427
2626	train	2428
2627	train	2429
2628	train	2430
2629	train	2431
2630	train	2432
2631	train	2433
2632	train	2435
2633	train	2436
2634	train	2437
2635	train	2438
2636	train	2439
2637	train	2440
2638	train	2441
2639	train	2442
2640	train	2443
2641	train	2445
2642	train	2446
2643	train	2447
2644	train	2448
2645	train	2449
2646	train	2450
2647	train	2451
2648	train	2452
2649	train	2453
2650	train	2455
2651	train	2458
2652	train	2460
2653	train	2462
2654	train	2463
2655	train	2464
2656	train	2465
2657	train	2466
2658	train	2467
2659	train	2469
2660	train	2471
2661	train	2472
2662	train	2473
2663	train	2474
2664	train	2475
2665	train	2476
2666	train	2477
2667	train	2478
2668	train	2481
2669	train	2482
2670	train	2483
2671	train	2484
2672	train	2485
2673	train	2486
2674	train	2487
2675	train	2488
2676	train	2489
2677	train	2490
2678	train	2492
2679	train	2493
2680	train	2494
2681	train	2495
2682	train	2496
2683	train	2497
2684	train	2498
2685	train	2499
2686	train	2501
2687	train	2502
2688	train	2503
2689	train	2505
2690	train	2506
2691	train	2507
2692	train	2508
2693	train	2509
2694	train	2510
2695	train	2511
2696	train	2512
2697	train	2513
2698	train	2514
2699	train	2515
2700	train	2517
2701	train	2518
2702	train	2519
2703	train	2520
2704	train	2521
2705	train	2525
2706	train	2526
2707	train	2528
2708	train	2530
2709	train	2531
2710	train	2532
2711	train	2533
2712	train	2534
2713	train	2535
2714	train	2536
2715	train	2537
2716	train	2538
2717	train	2539
2718	train	2542
2719	train	2544
2720	train	2545
2721	train	2546
2722	train	2547
2723	train	2548
2724	train	2549
2725	train	2550
2726	train	2551
2727	train	2552
2728	train	2553
2729	train	2554
2730	train	2555
2731	train	2556
2732	train	2557
2733	train	2558
2734	train	2559
2735	train	2561
2736	train	2563
2737	train	2564
2738	train	2565
2739	train	2566
2740	train	2567
2741	train	2568
2742	train	2570
2743	train	2571
2744	train	2572
2745	train	2573
2746	train	2574
2747	train	2575
2748	train	2576
2749	train	2578
2750	train	2579
2751	train	2580
2752	train	2581
2753	train	2582
2754	train	2583
2755	train	2584
2756	train	2585
2757	train	2586
2758	train	2587
2759	train	2588
2760	train	2589
2761	train	2590
2762	train	2591
2763	train	2592
2764	train	2593
2765	train	2594
2766	train	2595
2767	train	2596
2768	train	2597
2769	train	2598
2770	train	2600
2771	train	2601
2772	train	2602
2773	train	2603
2774	train	2604
2775	train	2605
2776	train	2606
2777	train	2607
2778	train	2608
2779	train	2609
2780	train	2610
2781	train	2611
2782	train	2612
2783	train	2613
2784	train	2614
2785	train	2615
2786	train	2618
2787	train	2620
2788	train	2622
2789	train	2623
2790	train	2624
2791	train	2625
2792	train	2626
2793	train	2627
2794	train	2628
2795	train	2629
2796	train	2630
2797	train	2631
2798	train	2632
2799	train	2634
2800	train	2635
2801	train	2636
2802	train	2637
2803	train	2639
2804	train	2640
2805	train	2641
2806	train	2643
2807	train	2644
2808	train	2645
2809	train	2646
2810	train	2647
2811	train	2648
2812	train	2649
2813	train	2650
2814	train	2651
2815	train	2652
2816	train	2655
2817	train	2656
2818	train	2658
2819	train	2659
2820	train	2660
2821	train	2661
2822	train	2662
2823	train	2663
2824	train	2664
2825	train	2665
2826	train	2666
2827	train	2667
2828	train	2668
2829	train	2669
2830	train	2670
2831	train	2671
2832	train	2672
2833	train	2673
2834	train	2674
2835	train	2675
2836	train	2676
2837	train	2677
2838	train	2678
2839	train	2681
2840	train	2682
2841	train	2683
2842	train	2684
2843	train	2685
2844	train	2686
2845	train	2687
2846	train	2688
2847	train	2689
2848	train	2690
2849	train	2691
2850	train	2692
2851	train	2693
2852	train	2694
2853	train	2695
2854	train	2696
2855	train	2697
2856	train	2698
2857	train	2699
2858	train	2700
2859	train	2701
2860	train	2702
2861	train	2703
2862	train	2705
2863	train	2706
2864	train	2707
2865	train	2708
2866	train	2709
2867	train	2710
2868	train	2711
2869	train	2712
2870	train	2714
2871	train	2715
2872	train	2716
2873	train	2718
2874	train	2719
2875	train	2720
2876	train	2721
2877	train	2722
2878	train	2723
2879	train	2724
2880	train	2725
2881	train	2726
2882	train	2727
2883	train	2728
2884	train	2729
2885	train	2731
2886	train	2732
2887	train	2733
2888	train	2734
2889	train	2735
2890	train	2738
2891	train	2739
2892	train	2740
2893	train	2741
2894	train	2742
2895	train	2743
2896	train	2745
2897	train	2746
2898	train	2747
2899	train	2748
2900	train	2749
2901	train	2750
2902	train	2751
2903	train	2752
2904	train	2753
2905	train	2754
2906	train	2755
2907	train	2756
2908	train	2757
2909	train	2758
2910	train	2760
2911	train	2761
2912	train	2762
2913	train	2763
2914	train	2765
2915	train	2766
2916	train	2767
2917	train	2768
2918	train	2769
2919	train	2770
2920	train	2771
2921	train	2772
2922	train	2773
2923	train	2774
2924	train	2775
2925	train	2776
2926	train	2777
2927	train	2778
2928	train	2779
2929	train	2780
2930	train	2781
2931	train	2782
2932	train	2783
2933	train	2784
2934	train	2785
2935	train	2786
2936	train	2787
2937	train	2788
2938	train	2789
2939	train	2791
2940	train	2792
2941	train	2793
2942	train	2794
2943	train	2795
2944	train	2796
2945	train	2797
2946	train	2798
2947	train	2801
2948	train	2802
2949	train	2803
2950	train	2804
2951	train	2805
2952	train	2806
2953	train	2807
2954	train	2808
2955	train	2811
2956	train	2812
2957	train	2813
2958	train	2814
2959	train	2815
2960	train	2816
2961	train	2817
2962	train	2819
2963	train	2820
2964	train	2821
2965	train	2822
2966	train	2824
2967	train	2825
2968	train	2826
2969	train	2827
2970	train	2828
2971	train	2829
2972	train	2830
2973	train	2831
2974	train	2832
2975	train	2833
2976	train	2834
2977	train	2840
2978	train	2841
2979	train	2843
2980	train	2846
2981	train	2847
2982	train	2848
2983	train	2850
2984	train	2851
2985	train	2852
2986	train	2853
2987	train	2854
2988	train	2855
2989	train	2856
2990	train	2857
2991	train	2858
2992	train	2859
2993	train	2861
2994	train	2862
2995	train	2863
2996	train	2864
2997	train	2865
2998	train	2866
2999	train	2867
3000	train	2868
3001	train	2869
3002	train	2874
3003	train	2875
3004	train	2876
3005	train	2877
3006	train	2878
3007	train	2879
3008	train	2880
3009	train	2881
3010	train	2882
3011	train	2883
3012	train	2884
3013	train	2885
3014	train	2886
3015	train	2887
3016	train	2888
3017	train	2889
3018	train	2890
3019	train	2891
3020	train	2892
3021	train	2893
3022	train	2894
3023	train	2895
3024	train	2896
3025	train	2897
3026	train	2898
3027	train	2899
3028	train	2900
3029	train	2902
3030	train	2903
3031	train	2904
3032	train	2905
3033	train	2906
3034	train	2907
3035	train	2908
3036	train	2910
3037	train	2911
3038	train	2912
3039	train	2913
3040	train	2914
3041	train	2915
3042	train	2916
3043	train	2917
3044	train	2918
3045	train	2919
3046	train	2921
3047	train	2922
3048	train	2923
3049	train	2924
3050	train	2926
3051	train	2927
3052	train	2928
3053	train	2929
3054	train	2930
3055	train	2931
3056	train	2932
3057	train	2933
3058	train	2934
3059	train	2935
3060	train	2936
3061	train	2937
3062	train	2939
3063	train	2940
3064	train	2941
3065	train	2942
3066	train	2943
3067	train	2945
3068	train	2946
3069	train	2947
3070	train	2948
3071	train	2949
3072	train	2950
3073	train	2951
3074	train	2953
3075	train	2954
3076	train	2955
3077	train	2956
3078	train	2957
3079	train	2958
3080	train	2959
3081	train	2960
3082	train	2961
3083	train	2962
3084	train	2963
3085	train	2964
3086	train	2966
3087	train	2967
3088	train	2968
3089	train	2969
3090	train	2970
3091	train	2971
3092	train	2973
3093	train	2974
3094	train	2975
3095	train	2977
3096	train	2978
3097	train	2979
3098	train	2981
3099	train	2982
3100	train	2984
3101	train	2986
3102	train	2987
3103	train	2988
3104	train	2989
3105	train	2990
3106	train	2991
3107	train	2992
3108	train	2993
3109	train	2994
3110	train	2995
3111	train	2996
3112	train	2998
3113	train	2999
3114	train	3000
3115	train	3001
3116	train	3002
3117	train	3003
3118	train	3005
3119	train	3006
3120	train	3007
3121	train	3008
3122	train	3009
3123	train	3010
3124	train	3011
3125	train	3012
3126	train	3013
3127	train	3014
3128	train	3016
3129	train	3017
3130	train	3018
3131	train	3019
3132	train	3020
3133	train	3023
3134	train	3024
3135	train	3025
3136	train	3026
3137	train	3027
3138	train	3029
3139	train	3030
3140	train	3031
3141	train	3033
3142	train	3034
3143	train	3035
3144	train	3036
3145	train	3037
3146	train	3038
3147	train	3039
3148	train	3040
3149	train	3041
3150	train	3042
3151	train	3043
3152	train	3044
3153	train	3046
3154	train	3047
3155	train	3049
3156	train	3050
3157	train	3051
3158	train	3052
3159	train	3056
3160	train	3057
3161	train	3058
3162	train	3060
3163	train	3061
3164	train	3062
3165	train	3063
3166	train	3064
3167	train	3065
3168	train	3066
3169	train	3067
3170	train	3068
3171	train	3070
3172	train	3071
3173	train	3073
3174	train	3074
3175	train	3075
3176	train	3077
3177	train	3078
3178	train	3079
3179	train	3080
3180	train	3081
3181	train	3082
3182	train	3084
3183	train	3085
3184	train	3086
3185	train	3087
3186	train	3088
3187	train	3089
3188	train	3091
3189	train	3092
3190	train	3093
3191	train	3094
3192	train	3095
3193	train	3096
3194	train	3098
3195	train	3099
3196	train	3100
3197	train	3101
3198	train	3102
3199	train	3103
3200	train	3104
3201	train	3105
3202	train	3106
3203	train	3107
3204	train	3108
3205	train	3109
3206	train	3110
3207	train	3111
3208	train	3112
3209	train	3113
3210	train	3114
3211	train	3116
3212	train	3117
3213	train	3118
3214	train	3119
3215	train	3120
3216	train	3121
3217	train	3122
3218	train	3123
3219	train	3124
3220	train	3125
3221	train	3126
3222	train	3127
3223	train	3128
3224	train	3129
3225	train	3130
3226	train	3132
3227	train	3133
3228	train	3134
3229	train	3135
3230	train	3136
3231	train	3137
3232	train	3138
3233	train	3139
3234	train	3140
3235	train	3141
3236	train	3142
3237	train	3143
3238	train	3144
3239	train	3145
3240	train	3146
3241	train	3148
3242	train	3149
3243	train	3150
3244	train	3151
3245	train	3152
3246	train	3153
3247	train	3155
3248	train	3156
3249	train	3157
3250	train	3158
3251	train	3159
3252	train	3160
3253	train	3161
3254	train	3162
3255	train	3163
3256	train	3164
3257	train	3166
3258	train	3167
3259	train	3168
3260	train	3169
3261	train	3170
3262	train	3171
3263	train	3172
3264	train	3173
3265	train	3175
3266	train	3176
3267	train	3177
3268	train	3178
3269	train	3179
3270	train	3180
3271	train	3181
3272	train	3183
3273	train	3184
3274	train	3185
3275	train	3186
3276	train	3187
3277	train	3188
3278	train	3191
3279	train	3193
3280	train	3194
3281	train	3195
3282	train	3198
3283	train	3199
3284	train	3201
3285	train	3202
3286	train	3204
3287	train	3205
3288	train	3206
3289	train	3207
3290	train	3208
3291	train	3209
3292	train	3210
3293	train	3211
3294	train	3212
3295	train	3213
3296	train	3214
3297	train	3215
3298	train	3216
3299	train	3217
3300	train	3218
3301	train	3219
3302	train	3220
3303	train	3221
3304	train	3222
3305	train	3223
3306	train	3224
3307	train	3225
3308	train	3226
3309	train	3227
3310	train	3228
3311	train	3231
3312	train	3232
3313	train	3233
3314	train	3234
3315	train	3235
3316	train	3236
3317	train	3238
3318	train	3239
3319	train	3240
3320	train	3242
3321	train	3243
3322	train	3244
3323	train	3245
3324	train	3246
3325	train	3248
3326	train	3249
3327	train	3250
3328	train	3251
3329	train	3253
3330	train	3254
3331	train	3255
3332	train	3257
3333	train	3258
3334	train	3259
3335	train	3260
3336	train	3262
3337	train	3263
3338	train	3264
3339	train	3265
3340	train	3266
3341	train	3267
3342	train	3268
3343	train	3269
3344	train	3270
3345	train	3271
3346	train	3272
3347	train	3273
3348	train	3274
3349	train	3275
3350	train	3276
3351	train	3277
3352	train	3278
3353	train	3279
3354	train	3280
3355	train	3281
3356	train	3282
3357	train	3284
3358	train	3285
3359	train	3286
3360	train	3287
3361	train	3288
3362	train	3289
3363	train	3290
3364	train	3291
3365	train	3293
3366	train	3294
3367	train	3297
3368	train	3298
3369	train	3299
3370	train	3300
3371	train	3301
3372	train	3302
3373	train	3303
3374	train	3304
3375	train	3305
3376	train	3306
3377	train	3307
3378	train	3309
3379	train	3310
3380	train	3312
3381	train	3313
3382	train	3314
3383	train	3315
3384	train	3316
3385	train	3317
3386	train	3318
3387	train	3319
3388	train	3320
3389	train	3321
3390	train	3322
3391	train	3323
3392	train	3324
3393	train	3325
3394	train	3327
3395	train	3328
3396	train	3330
3397	train	3331
3398	train	3332
3399	train	3333
3400	train	3334
3401	train	3335
3402	train	3336
3403	train	3337
3404	train	3338
3405	train	3339
3406	train	3340
3407	train	3341
3408	train	3342
3409	train	3343
3410	train	3344
3411	train	3345
3412	train	3346
3413	train	3347
3414	train	3359
3415	train	3360
3416	train	3361
3417	train	3362
3418	train	3363
3419	train	3364
3420	train	3365
3421	train	3366
3422	train	3367
3423	train	3368
3424	train	3369
3425	train	3371
3426	train	3372
3427	train	3374
3428	train	3375
3429	train	3376
3430	train	3377
3431	train	3381
3432	train	3382
3433	train	3383
3434	train	3385
3435	train	3386
3436	train	3387
3437	train	3388
3438	train	3390
3439	train	3391
3440	train	3392
3441	train	3393
3442	train	3394
3443	train	3395
3444	train	3396
3445	train	3397
3446	train	3398
3447	train	3399
3448	train	3402
3449	train	3403
3450	train	3404
3451	train	3405
3452	train	3406
3453	train	3407
3454	train	3408
3455	train	3409
3456	train	3411
3457	train	3413
3458	train	3414
3459	train	3415
3460	train	3416
3461	train	3418
3462	train	3420
3463	train	3421
3464	train	3422
3465	train	3423
3466	train	3424
3467	train	3426
3468	train	3427
3469	train	3429
3470	train	3430
3471	train	3431
3472	train	3432
3473	train	3433
3474	train	3434
3475	train	3435
3476	train	3436
3477	train	3438
3478	train	3439
3479	train	3441
3480	train	3442
3481	train	3444
3482	train	3445
3483	train	3446
3484	train	3447
3485	train	3448
3486	train	3449
3487	train	3450
3488	train	3451
3489	train	3452
3490	train	3453
3491	train	3454
3492	train	3455
3493	train	3456
3494	train	3457
3495	train	3458
3496	train	3459
3497	train	3460
3498	train	3461
3499	train	3462
3500	train	3463
3501	train	3464
3502	train	3465
3503	train	3466
3504	train	3467
3505	train	3469
3506	train	3470
3507	train	3471
3508	train	3472
3509	train	3473
3510	train	3474
3511	train	3476
3512	train	3477
3513	train	3478
3514	train	3480
3515	train	3481
3516	train	3482
3517	train	3483
3518	train	3484
3519	train	3485
3520	train	3486
3521	train	3487
3522	train	3488
3523	train	3489
3524	train	3490
3525	train	3491
3526	train	3492
3527	train	3493
3528	train	3494
3529	train	3495
3530	train	3496
3531	train	3497
3532	train	3498
3533	train	3499
3534	train	3500
3535	train	3502
3536	train	3503
3537	train	3504
3538	train	3505
3539	train	3506
3540	train	3508
3541	train	3509
3542	train	3511
3543	train	3512
3544	train	3514
3545	train	3515
3546	train	3516
3547	train	3517
3548	train	3518
3549	train	3519
3550	train	3520
3551	train	3521
3552	train	3522
3553	train	3524
3554	train	3525
3555	train	3526
3556	train	3527
3557	train	3528
3558	train	3529
3559	train	3530
3560	train	3531
3561	train	3533
3562	train	3534
3563	train	3535
3564	train	3536
3565	train	3537
3566	train	3539
3567	train	3541
3568	train	3542
3569	train	3543
3570	train	3546
3571	train	3547
3572	train	3549
3573	train	3550
3574	train	3551
3575	train	3552
3576	train	3553
3577	train	3554
3578	train	3556
3579	train	3557
3580	train	3558
3581	train	3559
3582	train	3560
3583	train	3561
3584	train	3562
3585	train	3564
3586	train	3565
3587	train	3566
3588	train	3569
3589	train	3570
3590	train	3571
3591	train	3572
3592	train	3573
3593	train	3574
3594	train	3575
3595	train	3576
3596	train	3577
3597	train	3578
3598	train	3580
3599	train	3581
3600	train	3582
3601	train	3583
3602	train	3584
3603	train	3585
3604	train	3586
3605	train	3587
3606	train	3589
3607	train	3591
3608	train	3592
3609	train	3593
3610	train	3594
3611	train	3595
3612	train	3596
3613	train	3597
3614	train	3598
3615	train	3600
3616	train	3601
3617	train	3603
3618	train	3605
3619	train	3607
3620	train	3608
3621	train	3609
3622	train	3610
3623	train	3611
3624	train	3613
3625	train	3614
3626	train	3615
3627	train	3616
3628	train	3617
3629	train	3618
3630	train	3619
3631	train	3620
3632	train	3621
3633	train	3622
3634	train	3623
3635	train	3624
3636	train	3625
3637	train	3626
3638	train	3627
3639	train	3630
3640	train	3631
3641	train	3632
3642	train	3633
3643	train	3634
3644	train	3635
3645	train	3636
3646	train	3637
3647	train	3639
3648	train	3640
3649	train	3642
3650	train	3643
3651	train	3644
3652	train	3645
3653	train	3646
3654	train	3647
3655	train	3648
3656	train	3650
3657	train	3651
3658	train	3652
3659	train	3653
3660	train	3654
3661	train	3655
3662	train	3656
3663	train	3657
3664	train	3658
3665	train	3659
3666	train	3660
3667	train	3661
3668	train	3662
3669	train	3663
3670	train	3665
3671	train	3666
3672	train	3667
3673	train	3668
3674	train	3669
3675	train	3676
3676	train	3677
3677	train	3678
3678	train	3679
3679	train	3681
3680	train	3682
3681	train	3683
3682	train	3684
3683	train	3685
3684	train	3686
3685	train	3687
3686	train	3688
3687	train	3689
3688	train	3690
3689	train	3691
3690	train	3692
3691	train	3693
3692	train	3694
3693	train	3695
3694	train	3696
3695	train	3697
3696	train	3698
3697	train	3699
3698	train	3700
3699	train	3701
3700	train	3702
3701	train	3703
3702	train	3704
3703	train	3705
3704	train	3706
3705	train	3707
3706	train	3708
3707	train	3709
3708	train	3710
3709	train	3711
3710	train	3712
3711	train	3713
3712	train	3714
3713	train	3715
3714	train	3716
3715	train	3717
3716	train	3718
3717	train	3719
3718	train	3720
3719	train	3721
3720	train	3723
3721	train	3725
3722	train	3726
3723	train	3727
3724	train	3728
3725	train	3729
3726	train	3730
3727	train	3732
3728	train	3733
3729	train	3734
3730	train	3735
3731	train	3736
3732	train	3737
3733	train	3738
3734	train	3740
3735	train	3742
3736	train	3743
3737	train	3744
3738	train	3745
3739	train	3746
3740	train	3747
3741	train	3748
3742	train	3749
3743	train	3751
3744	train	3752
3745	train	3754
3746	train	3755
3747	train	3757
3748	train	3758
3749	train	3760
3750	train	3761
3751	train	3762
3752	train	3764
3753	train	3765
3754	train	3766
3755	train	3767
3756	train	3768
3757	train	3769
3758	train	3770
3759	train	3771
3760	train	3772
3761	train	3773
3762	train	3774
3763	train	3775
3764	train	3777
3765	train	3778
3766	train	3779
3767	train	3780
3768	train	3781
3769	train	3782
3770	train	3783
3771	train	3784
3772	train	3785
3773	train	3787
3774	train	3788
3775	train	3789
3776	train	3790
3777	train	3791
3778	train	3793
3779	train	3794
3780	train	3795
3781	train	3796
3782	train	3797
3783	train	3798
3784	train	3800
3785	train	3801
3786	train	3802
3787	train	3803
3788	train	3804
3789	train	3805
3790	train	3806
3791	train	3808
3792	train	3809
3793	train	3810
3794	train	3811
3795	train	3812
3796	train	3813
3797	train	3815
3798	train	3816
3799	train	3817
3800	train	3818
3801	train	3820
3802	train	3821
3803	train	3822
3804	train	3823
3805	train	3824
3806	train	3825
3807	train	3826
3808	train	3827
3809	train	3828
3810	train	3829
3811	train	3830
3812	train	3831
3813	train	3832
3814	train	3833
3815	train	3834
3816	train	3835
3817	train	3838
3818	train	3839
3819	train	3840
3820	train	3841
3821	train	3842
3822	train	3843
3823	train	3844
3824	train	3845
3825	train	3846
3826	train	3847
3827	train	3848
3828	train	3849
3829	train	3850
3830	train	3851
3831	train	3852
3832	train	3853
3833	train	3855
3834	train	3856
3835	train	3857
3836	train	3858
3837	train	3859
3838	train	3860
3839	train	3862
3840	train	3863
3841	train	3864
3842	train	3865
3843	train	3866
3844	train	3868
3845	train	3869
3846	train	3870
3847	train	3871
3848	train	3872
3849	train	3877
3850	train	3879
3851	train	3880
3852	train	3881
3853	train	3882
3854	train	3884
3855	train	3885
3856	train	3886
3857	train	3888
3858	train	3889
3859	train	3890
3860	train	3891
3861	train	3892
3862	train	3893
3863	train	3894
3864	train	3895
3865	train	3896
3866	train	3897
3867	train	3898
3868	train	3899
3869	train	3900
3870	train	3901
3871	train	3902
3872	train	3903
3873	train	3904
3874	train	3905
3875	train	3906
3876	train	3909
3877	train	3910
3878	train	3911
3879	train	3913
3880	train	3914
3881	train	3916
3882	train	3918
3883	train	3919
3884	train	3920
3885	train	3921
3886	train	3922
3887	train	3923
3888	train	3924
3889	train	3925
3890	train	3926
3891	train	3927
3892	train	3929
3893	train	3930
3894	train	3932
3895	train	3933
3896	train	3934
3897	train	3935
3898	train	3938
3899	train	3940
3900	train	3942
3901	train	3943
3902	train	3944
3903	train	3945
3904	train	3946
3905	train	3947
3906	train	3948
3907	train	3949
3908	train	3950
3909	train	3951
3910	train	3952
3911	train	3953
3912	train	3954
3913	train	3955
3914	train	3956
3915	train	3957
3916	train	3958
3917	train	3959
3918	train	3960
3919	train	3962
3920	train	3963
3921	train	3966
3922	train	3967
3923	train	3968
3924	train	3969
3925	train	3970
3926	train	3971
3927	train	3972
3928	train	3973
3929	train	3974
3930	train	3976
3931	train	3977
3932	train	3979
3933	train	3980
3934	train	3981
3935	train	3982
3936	train	3983
3937	train	3984
3938	train	3985
3939	train	3986
3940	train	3987
3941	train	3988
3942	train	3990
3943	train	3991
3944	train	3992
3945	train	3993
3946	train	3995
3947	train	3996
3948	train	3997
3949	train	3998
3950	train	3999
3951	train	4000
3952	train	4001
3953	train	4002
3954	train	4003
3955	train	4004
3956	train	4005
3957	train	4006
3958	train	4008
3959	train	4009
3960	train	4010
3961	train	4013
3962	train	4014
3963	train	4015
3964	train	4016
3965	train	4017
3966	train	4018
3967	train	4019
3968	train	4020
3969	train	4021
3970	train	4022
3971	train	4023
3972	train	4024
3973	train	4025
3974	train	4026
3975	train	4027
3976	train	4028
3977	train	4029
3978	train	4030
3979	train	4031
3980	train	4033
3981	train	4034
3982	train	4035
3983	train	4036
3984	train	4037
3985	train	4038
3986	train	4039
3987	train	4041
3988	train	4045
3989	train	4047
3990	train	4048
3991	train	4050
3992	train	4051
3993	train	4054
3994	train	4055
3995	train	4057
3996	train	4058
3997	train	4059
3998	train	4060
3999	train	4061
4000	train	4062
4001	train	4063
4002	train	4064
4003	train	4065
4004	train	4066
4005	train	4067
4006	train	4068
4007	train	4069
4008	train	4070
4009	train	4071
4010	train	4072
4011	train	4073
4012	train	4074
4013	train	4075
4014	train	4076
4015	train	4078
4016	train	4079
4017	train	4081
4018	train	4082
4019	train	4083
4020	train	4084
4021	train	4085
4022	train	4087
4023	train	4088
4024	train	4089
4025	train	4090
4026	train	4091
4027	train	4092
4028	train	4093
4029	train	4094
4030	train	4096
4031	train	4097
4032	train	4098
4033	train	4100
4034	train	4102
4035	train	4103
4036	train	4104
4037	train	4105
4038	train	4106
4039	train	4107
4040	train	4108
4041	train	4109
4042	train	4110
4043	train	4111
4044	train	4112
4045	train	4113
4046	train	4115
4047	train	4116
4048	train	4117
4049	train	4118
4050	train	4119
4051	train	4120
4052	train	4122
4053	train	4124
4054	train	4125
4055	train	4126
4056	train	4127
4057	train	4128
4058	train	4130
4059	train	4131
4060	train	4132
4061	train	4133
4062	train	4134
4063	train	4135
4064	train	4136
4065	train	4137
4066	train	4138
4067	train	4139
4068	train	4140
4069	train	4141
4070	train	4142
4071	train	4143
4072	train	4144
4073	train	4145
4074	train	4146
4075	train	4147
4076	train	4148
4077	train	4149
4078	train	4150
4079	train	4151
4080	train	4152
4081	train	4153
4082	train	4154
4083	train	4160
4084	train	4171
4085	train	4176
4086	train	4187
4087	train	4189
4088	train	4194
4089	train	4199
4090	train	4204
4091	train	4207
4092	train	4210
4093	train	4219
4094	train	4221
4095	train	4222
4096	train	4223
4097	train	4272
4098	train	4273
4099	train	4277
4100	train	4278
4101	train	4279
4102	train	4281
4103	train	4283
4104	train	4285
4105	train	4286
4106	train	4288
4107	train	4290
4108	train	4291
4109	train	4292
4110	train	4293
4111	train	4294
4112	train	4295
4113	train	4296
4114	train	4298
4115	train	4299
4116	train	4300
4117	train	4301
4118	train	4303
4119	train	4304
4120	train	4305
4121	train	4306
4122	train	4307
