comparison_metric_value	p_value	Metadata_Plate	treatment	Metadata_model_type	treatment_type	Metadata_Well	cell_count	phenotype
0.3484983924395947	1.1377006261048528e-69	BR00117016	ingenol-mebutate	final	compound	M11	1280	ADCCM
0.7003554923569143	1.2375449429871431e-68	BR00117051	fludarabine-phosphate	final	compound	N12	290	ADCCM
0.5537652742256323	3.6404600451260947e-65	BR00117015	fludarabine-phosphate	final	compound	N12	459	ADCCM
0.572045938905991	6.234638733623185e-63	BR00117019	fludarabine-phosphate	final	compound	N12	412	ADCCM
0.33172919684156427	9.171405402211488e-62	BR00117015	ingenol-mebutate	final	compound	M11	1259	ADCCM
0.6887302525977866	2.6021438580083135e-61	BR00117053	fludarabine-phosphate	final	compound	N12	267	ADCCM
0.2573625055622175	4.76759573088853e-61	BR00117017	dexamethasone	final	compound	O02	2079	ADCCM
0.5033895541163863	6.671724702214983e-59	BR00117017	fludarabine-phosphate	final	compound	N12	507	ADCCM
0.5094695546930429	2.8541379981482826e-58	BR00116992	CYT-997	final	compound	C09	489	ADCCM
0.6636792452830189	4.462712607393618e-56	BR00117024	SU3327	final	compound	I20	265	ADCCM
0.5182437986638581	7.424402465236568e-190	BR00116991	BQ-788	final	compound	E08	1546	Anaphase
0.662607646982647	1.4318777780618768e-146	BR00117015	AMG900	final	compound	N09	702	Anaphase
0.622208970414013	2.5340174639232027e-144	BR00117019	AMG900	final	compound	N09	795	Anaphase
0.6569986726236726	8.085881076696226e-144	BR00117015	PF-431396	final	compound	L20	702	Anaphase
0.6163849154746424	8.597161595522709e-137	BR00117017	AMG900	final	compound	N09	769	Anaphase
0.638129464776349	1.874753023210611e-129	BR00117016	AMG900	final	compound	N09	674	Anaphase
0.5512256184525092	8.961288015763519e-124	BR00116992	AMG900	final	compound	N09	882	Anaphase
0.6936462547077695	1.4478505452842649e-123	BR00117016	epothilone-b	final	compound	F07	535	Anaphase
0.5922865013774105	1.5601219625644323e-118	BR00116991	PF-431396	final	compound	L20	726	Anaphase
0.5910987482614742	6.870295154795342e-117	BR00117019	PF-431396	final	compound	L20	719	Anaphase
0.45183850505525364	1.0860153125473456e-146	BR00117019	fludarabine	final	compound	B06	1588	Apoptosis
0.43357153921026814	3.574091803364557e-137	BR00117015	fludarabine	final	compound	B06	1615	Apoptosis
0.4243440045416508	3.59240994394827e-122	BR00117017	fludarabine	final	compound	B06	1509	Apoptosis
0.5861109566442381	1.9640799227812946e-117	BR00116991	fludarabine-phosphate	final	compound	N12	735	Apoptosis
0.5649243027888446	3.1568017044754155e-111	BR00116993	fludarabine-phosphate	final	compound	N12	753	Apoptosis
0.7040115563133466	9.510521703626547e-110	BR00117015	fludarabine-phosphate	final	compound	N12	459	Apoptosis
0.38986594315826406	2.5903665287906046e-104	BR00117016	fludarabine	final	compound	B06	1533	Apoptosis
0.38890425548415114	2.880012195490625e-103	BR00117015	JTE-607	final	compound	C14	1524	Apoptosis
0.6433047570237153	3.2076162776416413e-99	BR00117017	fludarabine-phosphate	final	compound	N12	507	Apoptosis
0.2759512171273144	3.5311520148144106e-98	BR00117019	LY2109761	final	compound	M02	2916	Apoptosis
0.49176555884568973	2.1047210019140373e-170	BR00116991	BQ-788	final	compound	E08	1546	Binuclear
0.4306569343065693	1.2956611277620124e-91	BR00116991	quinine	final	compound	A05	1096	Binuclear
0.36712504645407174	9.999809539233799e-86	BR00116994	polydatin	final	compound	K08	1421	Binuclear
0.37690967109036433	1.5219168976684253e-85	BR00116992	polydatin	final	compound	K08	1346	Binuclear
0.7499861109567884	6.915404673297038e-83	BR00117026	puromycin	final	compound	C22	299	Binuclear
0.3931478082957504	7.034760650878798e-82	BR00116993	polydatin	final	compound	K08	1177	Binuclear
0.7730417381360778	3.016563520047586e-78	BR00117024	SU3327	final	compound	I20	265	Binuclear
0.7586695542899923	1.339745940820695e-77	BR00117025	puromycin	final	compound	C22	274	Binuclear
0.732024643171469	3.880032630087439e-73	BR00116995	SU3327	final	compound	I20	281	Binuclear
0.37979512908957874	6.230207539020958e-69	BR00117012	L-Cystine	final	compound	O08	1062	Binuclear
0.5162548764629389	8.13820403699493e-94	BR00117017	AMG900	final	compound	N09	769	Elongated
0.513419450919451	7.309808172687497e-85	BR00117015	AMG900	final	compound	N09	702	Elongated
0.48200112905405945	3.7328138767227356e-84	BR00117019	AMG900	final	compound	N09	795	Elongated
0.39647517909976787	4.040606201523006e-80	BR00116991	polydatin	final	compound	K08	1132	Elongated
0.3494769469197985	1.3941227584285657e-77	BR00116994	polydatin	final	compound	K08	1421	Elongated
0.381592720193779	5.9886615915601936e-77	BR00116993	polydatin	final	compound	K08	1177	Elongated
0.528766820964949	1.97924028015013e-76	BR00117055	AMG900	final	compound	N09	593	Elongated
0.4357460933091185	8.678905815722331e-76	BR00116992	AMG900	final	compound	N09	882	Elongated
0.3468863974064568	2.3672237559142005e-72	BR00116992	polydatin	final	compound	K08	1346	Elongated
0.4587231647361987	5.569873187411095e-72	BR00116991	AMG900	final	compound	N09	753	Elongated
0.41220090146464183	2.250888488710826e-121	BR00117019	fludarabine	final	compound	B06	1588	Grape
0.30201455231282864	7.547208040371341e-118	BR00117019	LY2109761	final	compound	M02	2916	Grape
0.37037233930664687	4.017773281425228e-99	BR00117015	fludarabine	final	compound	B06	1615	Grape
0.5357374557452409	4.6596893780010884e-97	BR00116991	fludarabine-phosphate	final	compound	N12	735	Grape
0.3173786952538746	1.0425177260410527e-96	BR00117053	LY2109761	final	compound	M02	2161	Grape
0.6647816614568532	1.5038700793446428e-96	BR00117015	fludarabine-phosphate	final	compound	N12	459	Grape
0.37010891958578107	1.4419922316844485e-92	BR00117017	fludarabine	final	compound	B06	1509	Grape
0.5145604249667994	1.8635448708830975e-91	BR00116993	fludarabine-phosphate	final	compound	N12	753	Grape
0.6195895261613008	1.9335187589156106e-91	BR00117017	fludarabine-phosphate	final	compound	N12	507	Grape
0.26786491166088056	6.607779388474042e-91	BR00117015	LY2109761	final	compound	M02	2866	Grape
0.6506309185888415	8.970253174731074e-159	BR00117019	AMG900	final	compound	N09	795	Hole
0.6553966189856957	2.3487916369546074e-156	BR00117017	AMG900	final	compound	N09	769	Hole
0.6059346815649337	8.451685955010109e-152	BR00116992	AMG900	final	compound	N09	882	Hole
0.6575293988350368	2.0116557346509536e-138	BR00117016	AMG900	final	compound	N09	674	Hole
0.6359953703703703	1.8591377728491009e-134	BR00117015	AMG900	final	compound	N09	702	Hole
0.46739137655757634	2.422833981819571e-133	BR00116992	polydatin	final	compound	K08	1346	Hole
0.5887035656896319	1.3285729869145246e-128	BR00116994	AMG900	final	compound	N09	798	Hole
0.5889114623184964	5.144678667588667e-122	BR00116991	AMG900	final	compound	N09	753	Hole
0.5950413223140496	1.0167878765367988e-119	BR00116991	PF-431396	final	compound	L20	726	Hole
0.5952712100139083	1.1482056384083592e-118	BR00117019	PF-431396	final	compound	L20	719	Hole
0.539261885411984	1.4100172377532111e-179	BR00116992	polydatin	final	compound	K08	1346	Interphase
0.504508021728645	1.8122286967157768e-165	BR00116994	polydatin	final	compound	K08	1421	Interphase
0.3414906859744775	2.046894583420891e-151	BR00117019	LY2109761	final	compound	M02	2916	Interphase
0.5276147325574787	1.0476786837800973e-150	BR00116993	polydatin	final	compound	K08	1177	Interphase
0.38398115303981434	1.5597077478725993e-142	BR00117053	LY2109761	final	compound	M02	2161	Interphase
0.4970967560525255	2.1732184341385053e-127	BR00116991	polydatin	final	compound	K08	1132	Interphase
0.31428346185402656	9.970322511497426e-126	BR00117015	LY2109761	final	compound	M02	2866	Interphase
0.5517027323750013	2.5884236289769668e-124	BR00116992	AMG900	final	compound	N09	882	Interphase
0.576072821846554	2.6862549723055903e-118	BR00117017	AMG900	final	compound	N09	769	Interphase
0.2963282597201397	7.356156332505894e-115	BR00117016	LY2109761	final	compound	M02	2954	Interphase
0.6754344886526608	0.0	BR00116991	BQ-788	final	compound	E08	1546	Large
0.5848540145985401	5.360004812500506e-174	BR00116991	quinine	final	compound	A05	1096	Large
0.4503754754396801	2.1851223408225286e-148	BR00117015	fludarabine	final	compound	B06	1615	Large
0.4394760014238536	1.4928969922070679e-133	BR00117016	fludarabine	final	compound	B06	1533	Large
0.4291200396415741	1.0190917818895116e-131	BR00117019	fludarabine	final	compound	B06	1588	Large
0.438309756589857	1.1999730643971094e-130	BR00117017	fludarabine	final	compound	B06	1509	Large
0.40116603394276434	2.0631010668739875e-125	BR00117017	JTE-607	final	compound	C14	1739	Large
0.4926849533973599	1.8527348991959452e-117	BR00117012	L-Cystine	final	compound	O08	1062	Large
0.3940534906568389	1.3505687583890021e-116	BR00117016	JTE-607	final	compound	C14	1678	Large
0.40724981603169597	2.131571942498345e-113	BR00117015	JTE-607	final	compound	C14	1524	Large
0.5973840973840974	5.472598979282511e-117	BR00117015	AMG900	final	compound	N09	702	Metaphase
0.5901118557368558	5.634317102162392e-114	BR00117015	PF-431396	final	compound	L20	702	Metaphase
0.5425120657713745	8.555203727928548e-108	BR00117019	AMG900	final	compound	N09	795	Metaphase
0.5396618985695709	5.431007569493936e-103	BR00117017	AMG900	final	compound	N09	769	Metaphase
0.64049955396967	6.577942493446171e-103	BR00116992	ixabepilone	final	compound	J21	531	Metaphase
0.6626124846073695	7.320943949788583e-96	BR00117015	fludarabine-phosphate	final	compound	N12	459	Metaphase
0.6410324618645828	3.606445905271859e-95	BR00116992	briciclib	final	compound	H01	490	Metaphase
0.5506231454005934	2.339033263624514e-94	BR00117016	AMG900	final	compound	N09	674	Metaphase
0.8037682189832919	2.819592744700461e-94	BR00117051	fludarabine-phosphate	final	compound	N12	290	Metaphase
0.651577612921401	2.6865136015817607e-93	BR00116991	ixabepilone	final	compound	J21	463	Metaphase
0.3617869495323461	3.4701543566291505e-75	BR00117016	ingenol-mebutate	final	compound	M11	1280	MetaphaseAlignment
0.35485616439221074	4.887416269029851e-71	BR00117015	ingenol-mebutate	final	compound	M11	1259	MetaphaseAlignment
0.5602728047740836	8.548315590508543e-67	BR00117015	fludarabine-phosphate	final	compound	N12	459	MetaphaseAlignment
0.2978701636130248	1.1194475032036638e-62	BR00117015	dexamethasone	final	compound	A21	1587	MetaphaseAlignment
0.2975405071453302	1.4327194443694843e-62	BR00117019	fludarabine	final	compound	B06	1588	MetaphaseAlignment
0.6694395070505984	3.969704040470446e-62	BR00117051	fludarabine-phosphate	final	compound	N12	290	MetaphaseAlignment
0.31163703596911224	6.143884811772239e-61	BR00117019	NNC-55-0396	final	compound	A16	1407	MetaphaseAlignment
0.3210514225861451	4.739026427617858e-60	BR00117015	NNC-55-0396	final	compound	A16	1307	MetaphaseAlignment
0.3207203468826865	2.652656733262235e-59	BR00117016	NNC-55-0396	final	compound	A16	1290	MetaphaseAlignment
0.2997587987638265	3.697610974440307e-59	BR00117017	ingenol-mebutate	final	compound	M11	1477	MetaphaseAlignment
0.3893585561318972	1.0002638399015749e-107	BR00117019	fludarabine	final	compound	B06	1588	OutOfFocus
0.37495912509537477	8.147188115736291e-102	BR00117015	fludarabine	final	compound	B06	1615	OutOfFocus
0.34652072438229187	5.466003178071385e-93	BR00117017	JTE-607	final	compound	C14	1739	OutOfFocus
0.36921668397049684	6.792351081359214e-92	BR00117017	fludarabine	final	compound	B06	1509	OutOfFocus
0.4362134668431207	2.9695515286458486e-91	BR00117012	L-Cystine	final	compound	O08	1062	OutOfFocus
0.5152662699957368	2.7061975017688443e-89	BR00116991	fludarabine-phosphate	final	compound	N12	735	OutOfFocus
0.3818711067511399	5.685788705730748e-88	BR00116992	polydatin	final	compound	K08	1346	OutOfFocus
0.4442647906409901	2.6461827736609455e-85	BR00117055	FK-866	final	compound	L09	956	OutOfFocus
0.35341172881951805	7.128895028450553e-85	BR00117015	JTE-607	final	compound	C14	1524	OutOfFocus
0.3382636533540492	3.8095460812073354e-81	BR00117015	dexamethasone	final	compound	A21	1587	OutOfFocus
0.26192940840213197	1.6019885181521864e-88	BR00117019	LY2109761	final	compound	M02	2916	Polylobed
0.3849138350142882	1.5834971518788366e-83	BR00117015	ingenol-mebutate	final	compound	M11	1259	Polylobed
0.35264087658269716	3.236997703113509e-82	BR00117017	ingenol-mebutate	final	compound	M11	1477	Polylobed
0.3768462587685113	1.3037864146778742e-81	BR00117016	ingenol-mebutate	final	compound	M11	1280	Polylobed
0.2947142827123624	2.894469945678639e-80	BR00117017	dexamethasone	final	compound	O02	2079	Polylobed
0.28425807065088193	1.6288621641927414e-73	BR00117052	LY2109761	final	compound	M02	2052	Polylobed
0.3288691038096317	6.177505507385451e-72	BR00117017	NNC-55-0396	final	compound	A16	1491	Polylobed
0.32243310300535777	9.71048806942421e-72	BR00116991	BQ-788	final	compound	E08	1546	Polylobed
0.3137866500311915	4.02838962528427e-70	BR00117017	dexamethasone	final	compound	A21	1603	Polylobed
0.37152955082742317	9.509350350122245e-70	BR00117019	ingenol-mebutate	final	compound	M11	1128	Polylobed
0.6246474700793933	1.9859078089745582e-53	BR00117051	fludarabine-phosphate	final	compound	N12	290	Prometaphase
0.24899228450452798	8.878357185465553e-44	BR00117019	fludarabine	final	compound	B06	1588	Prometaphase
0.5924172794117647	4.9629260036199436e-42	BR00117052	fludarabine-phosphate	final	compound	N12	255	Prometaphase
0.24262960173047096	2.178420542069841e-39	BR00117017	fludarabine	final	compound	B06	1509	Prometaphase
0.44566934316177437	7.902728342395696e-39	BR00117016	fludarabine-phosphate	final	compound	N12	428	Prometaphase
0.5307001632504988	8.274183421874657e-39	BR00117050	fludarabine-phosphate	final	compound	N12	296	Prometaphase
0.40848203885756884	2.473594308226039e-38	BR00117017	fludarabine-phosphate	final	compound	N12	507	Prometaphase
0.5429444397510631	8.31972799037449e-37	BR00117053	fludarabine-phosphate	final	compound	N12	267	Prometaphase
0.41447380884721036	9.207587663674462e-36	BR00117015	fludarabine-phosphate	final	compound	N12	459	Prometaphase
0.17256970610399397	6.454482842953134e-35	BR00117019	RKI-1447	final	compound	J04	2654	Prometaphase
0.6885003458721942	6.051060383965012e-180	BR00117019	AMG900	final	compound	N09	795	SmallIrregular
0.6814044213263979	2.2316173124310273e-170	BR00117017	AMG900	final	compound	N09	769	SmallIrregular
0.6799323361823362	3.338950277884725e-155	BR00117015	AMG900	final	compound	N09	702	SmallIrregular
0.6092539579934538	3.3404272611573625e-153	BR00116992	AMG900	final	compound	N09	882	SmallIrregular
0.6752829981316628	1.4790530479523569e-146	BR00117016	AMG900	final	compound	N09	674	SmallIrregular
0.6125193787479992	5.342382463260017e-140	BR00116994	AMG900	final	compound	N09	798	SmallIrregular
0.6458414270914271	7.629673819082445e-139	BR00117015	PF-431396	final	compound	L20	702	SmallIrregular
0.6286509040333796	1.6891665844707045e-133	BR00117019	PF-431396	final	compound	L20	719	SmallIrregular
0.60359005479187	9.787732784537598e-129	BR00116991	AMG900	final	compound	N09	753	SmallIrregular
0.5906540793406854	3.5990860854615307e-125	BR00116993	AMG900	final	compound	N09	770	SmallIrregular
0.17384854596722793	4.518569278498114e-33	BR00117005	LPAR1	final	crispr	L01	2470	ADCCM
0.15462158156323494	5.008793389386448e-29	BR00117003	PORCN	final	crispr	L13	2737	ADCCM
0.15300080023370938	7.004869763667577e-24	BR00117001	CACNA2D3	final	crispr	O07	2289	ADCCM
0.13947938122159512	1.0868526469070053e-21	BR00117003	AKT1	final	crispr	J19	2505	ADCCM
0.4249255084855551	7.614684590270682e-21	BR00117004	TUBB3	final	crispr	K11	248	ADCCM
0.21831735889243875	5.2159450370029514e-20	BR00117000	TUBB4B	final	crispr	C04	939	ADCCM
0.31880733944954126	5.480599338778694e-20	BR00117004	CDK7	final	crispr	I14	436	ADCCM
0.11726865335274947	1.1350590523650071e-18	BR00117003	TUBB4B	final	crispr	J13	3036	ADCCM
0.3290524373720776	1.7301456158319254e-18	BR00117000	RPL3	final	crispr	K04	372	ADCCM
0.48443775100401604	3.2440875290031394e-18	BR00117000	RPL23A	final	crispr	M18	166	ADCCM
0.43386151592258465	7.307184235921331e-34	BR00117000	AURKB	final	crispr	C13	396	Anaphase
0.3542150284605845	3.341108540716063e-30	BR00118044	AURKB	final	crispr	C13	533	Anaphase
0.4682109583986717	8.380149293503888e-30	BR00117000	PLK1	final	crispr	G09	293	Anaphase
0.25662762619284357	1.985730995599736e-28	BR00116999	CACNA2D3	final	crispr	N24	966	Anaphase
0.6308108108108108	2.641865574253682e-28	BR00117005	AURKB	final	crispr	C13	150	Anaphase
0.3418467583497053	9.275720477072963e-27	BR00117000	TUBB3	final	crispr	K11	509	Anaphase
0.3191732240161003	1.1487181256148245e-26	BR00118043	AURKB	final	crispr	C13	577	Anaphase
0.5066579398754175	2.8149311283386443e-25	BR00117003	AURKB	final	crispr	C13	212	Anaphase
0.2792167877873049	3.3199274081069335e-25	BR00117000	PPAT	final	crispr	E13	716	Anaphase
0.3810810810810811	2.5057669519655676e-24	BR00117003	PPAT	final	crispr	E13	370	Anaphase
0.3916083916083916	7.08522248636719e-69	BR00116996	OPRM1	final	crispr	P22	1001	Apoptosis
0.3415620530865232	9.910403710339115e-61	BR00116996	ABL1	final	crispr	P20	1166	Apoptosis
0.44605940805123956	2.797036200859511e-58	BR00116996	TGFBR1	final	crispr	P24	643	Apoptosis
0.3669503234720626	3.40437283253126e-58	BR00116999	CACNA2D3	final	crispr	N24	966	Apoptosis
0.2196589357613632	3.6822027864982725e-53	BR00117005	PTK2B	final	crispr	N15	2494	Apoptosis
0.1917706425986534	2.0930799514225537e-52	BR00117004	AKT1	final	crispr	J19	3225	Apoptosis
0.3627902177277887	6.462401721965623e-52	BR00116996	PDE3A	final	crispr	P18	880	Apoptosis
0.357473113512281	4.7149489002261827e-51	BR00116996	CHRM2	final	crispr	O22	890	Apoptosis
0.19431255956789162	9.975007608495381e-46	BR00118041	LYN	final	crispr	N13	2739	Apoptosis
0.31601228126427067	2.0171879890670352e-45	BR00116996	BTK	final	crispr	D24	1014	Apoptosis
0.49580432454954626	1.60033810997525e-72	BR00116996	TGFBR1	final	crispr	P24	643	Binuclear
0.3946445250793077	1.3304086782800908e-67	BR00116999	CACNA2D3	final	crispr	N24	966	Binuclear
0.3836163836163836	4.905969821866486e-66	BR00116996	OPRM1	final	crispr	P22	1001	Binuclear
0.3355417197634785	1.3807196367318645e-58	BR00116996	ABL1	final	crispr	P20	1166	Binuclear
0.3623470853266424	2.6674039634590304e-45	BR00116996	S1PR1	final	crispr	P23	766	Binuclear
0.33205604043423737	6.637144624942696e-44	BR00116996	CHRM2	final	crispr	O22	890	Binuclear
0.33315963264884946	1.0332641544321755e-43	BR00116996	PDE3A	final	crispr	P18	880	Binuclear
0.17065422896331647	1.9732465269225203e-41	BR00117004	AKT1	final	crispr	J19	3225	Binuclear
0.19125483657767803	2.1917845559377583e-40	BR00117005	PTK2B	final	crispr	N15	2494	Binuclear
0.32843791722296395	3.774902023259174e-36	BR00116996	P2RY12	final	crispr	P19	749	Binuclear
0.2563528630882303	3.903277132422004e-19	BR00116996	TGFBR1	final	crispr	P24	643	Elongated
0.2566045869063645	6.61891902854213e-16	BR00118044	AURKB	final	crispr	C13	533	Elongated
0.2972472819801064	7.472204694005271e-16	BR00117000	AURKB	final	crispr	C13	396	Elongated
0.33482842911170557	3.445096579826416e-15	BR00117000	PLK1	final	crispr	G09	293	Elongated
0.43286099865047234	1.7457203128476372e-13	BR00118042	AURKB	final	crispr	C13	152	Elongated
0.12728278915329275	3.597766963900009e-13	BR00118044	HSD11B1	final	crispr	O01	1807	Elongated
0.1528122570223749	2.494809446041306e-12	BR00116996	ABL1	final	crispr	P20	1166	Elongated
0.29372937293729373	6.282713434586974e-12	BR00118044	PLK1	final	crispr	F13	303	Elongated
0.2596695821185617	9.410488315973805e-11	BR00117001	PLK1	final	crispr	G09	345	Elongated
0.10906526323830726	2.1254876164138102e-10	BR00118043	ELANE	final	crispr	N19	1915	Elongated
0.2572108523651688	3.26644953140264e-72	BR00117005	LPAR1	final	crispr	L01	2470	Grape
0.3304451607308473	8.304690701943225e-57	BR00116996	ABL1	final	crispr	P20	1166	Grape
0.35564435564435565	1.325982282871066e-56	BR00116996	OPRM1	final	crispr	P22	1001	Grape
0.19858167889771575	3.7319766402574917e-56	BR00117004	AKT1	final	crispr	J19	3225	Grape
0.22536802094597488	5.0762023787864535e-56	BR00117005	PTK2B	final	crispr	N15	2494	Grape
0.20935422613469593	4.1539162903169025e-53	BR00118041	LYN	final	crispr	N13	2739	Grape
0.2231648424308975	1.8454043537442276e-50	BR00117001	CACNA2D3	final	crispr	O07	2289	Grape
0.3390473607864912	1.4501833663001969e-49	BR00116999	CACNA2D3	final	crispr	N24	966	Grape
0.35073154047857313	3.981035291593782e-49	BR00116996	CHRM2	final	crispr	O22	890	Grape
0.19481074052903646	4.254881860866628e-47	BR00118041	MAPK8	final	crispr	D07	2807	Grape
0.20698974500972414	9.623380665645377e-47	BR00117005	LPAR1	final	crispr	L01	2470	Hole
0.2997002997002997	4.64931500968222e-40	BR00116996	OPRM1	final	crispr	P22	1001	Hole
0.38005745116121303	6.755083494278462e-35	BR00118044	AURKB	final	crispr	C13	533	Hole
0.34344946536629795	2.9853710925990136e-34	BR00116996	TGFBR1	final	crispr	P24	643	Hole
0.24896194814223627	3.63417690930345e-32	BR00116996	ABL1	final	crispr	P20	1166	Hole
0.16696611409735834	8.690153420914329e-31	BR00117005	PTK2B	final	crispr	N15	2494	Hole
0.2673712891104195	8.907332789569023e-31	BR00116999	CACNA2D3	final	crispr	N24	966	Hole
0.2758382630505555	2.969735538745688e-30	BR00116996	CHRM2	final	crispr	O22	890	Hole
0.17169781567728112	4.5391492673851525e-30	BR00118044	PTK2B	final	crispr	N15	2302	Hole
0.2891738278663756	7.975792076418637e-29	BR00116996	S1PR1	final	crispr	P23	766	Hole
0.37362637362637363	1.4116669780734974e-62	BR00116996	OPRM1	final	crispr	P22	1001	Interphase
0.3338903905426678	4.781668632874095e-58	BR00116996	ABL1	final	crispr	P20	1166	Interphase
0.22968540330997464	1.535202909892432e-57	BR00117005	LPAR1	final	crispr	L01	2470	Interphase
0.21934006529359745	4.543365511831873e-53	BR00117005	PTK2B	final	crispr	N15	2494	Interphase
0.4227869749955185	3.359477500841641e-52	BR00116996	TGFBR1	final	crispr	P24	643	Interphase
0.19112866871398568	5.898060789043158e-52	BR00117004	AKT1	final	crispr	J19	3225	Interphase
0.3401514271079488	6.649367125662912e-50	BR00116999	CACNA2D3	final	crispr	N24	966	Interphase
0.3506555362730071	4.66465258430027e-49	BR00116996	CHRM2	final	crispr	O22	890	Interphase
0.20110998998979807	6.022766558395755e-49	BR00118041	LYN	final	crispr	N13	2739	Interphase
0.3333608502734496	6.398471868851709e-44	BR00116996	PDE3A	final	crispr	P18	880	Interphase
0.44221192047279007	1.9360679810392667e-85	BR00116999	CACNA2D3	final	crispr	N24	966	Large
0.5145177153432847	2.403120933548178e-78	BR00116996	TGFBR1	final	crispr	P24	643	Large
0.4155844155844156	8.589141824871409e-78	BR00116996	OPRM1	final	crispr	P22	1001	Large
0.3518316011646758	1.6933859636588036e-64	BR00116996	ABL1	final	crispr	P20	1166	Large
0.38402073312766166	1.9552509897763614e-54	BR00116996	GRIN2A	final	crispr	A23	821	Large
0.3623285155111916	2.0672529930460804e-52	BR00116996	CHRM2	final	crispr	O22	890	Large
0.35714580538644103	2.6126383749228173e-50	BR00116996	PDE3A	final	crispr	P18	880	Large
0.30986637976015674	6.896924188665035e-50	BR00116996	P2RY12	final	crispr	O21	1166	Large
0.36703536598503234	3.1911114539299393e-48	BR00116996	HSD11B1	final	crispr	O23	796	Large
0.2069648006278899	3.089756308116566e-47	BR00117005	PTK2B	final	crispr	N15	2494	Large
0.4204063536124605	7.084071120357091e-32	BR00117000	AURKB	final	crispr	C13	396	Metaphase
0.4726847154321557	3.0021048358312815e-30	BR00117000	PLK1	final	crispr	G09	293	Metaphase
0.3220374315868322	5.441921898202953e-25	BR00118044	AURKB	final	crispr	C13	533	Metaphase
0.2413983388326317	1.877604842626391e-24	BR00116999	S1PR1	final	crispr	P23	935	Metaphase
0.5773873873873874	1.468569792271002e-23	BR00117005	AURKB	final	crispr	C13	150	Metaphase
0.22639170465257422	3.477545912424059e-22	BR00116999	CACNA2D3	final	crispr	N24	966	Metaphase
0.522877223178428	1.5175585049265036e-21	BR00117000	RPL23A	final	crispr	M18	166	Metaphase
0.46515301977069606	3.4617474099485104e-21	BR00117003	AURKB	final	crispr	C13	212	Metaphase
0.5391363022941971	4.50315527515377e-21	BR00118042	AURKB	final	crispr	C13	152	Metaphase
0.3490999379267536	5.128623857213629e-20	BR00117000	RPL23A	final	crispr	G14	358	Metaphase
0.15687988766861585	4.6969256902253524e-27	BR00117005	LPAR1	final	crispr	L01	2470	MetaphaseAlignment
0.14798601607544162	1.1757122716642715e-26	BR00118041	LYN	final	crispr	N13	2739	MetaphaseAlignment
0.13290983626253744	2.4728377930120507e-25	BR00117004	AKT1	final	crispr	J19	3225	MetaphaseAlignment
0.12541739786728065	9.705667877352265e-20	BR00118041	MAPK8	final	crispr	D07	2807	MetaphaseAlignment
0.11854830232313676	5.649890438939739e-19	BR00117004	AKR1B1	final	crispr	L21	3024	MetaphaseAlignment
0.24371567680920198	1.1735988764177135e-18	BR00117004	HDAC3	final	crispr	K19	693	MetaphaseAlignment
0.19954819716092925	4.136906070663423e-18	BR00116996	BTK	final	crispr	D24	1014	MetaphaseAlignment
0.29180539246160575	5.422920847021283e-18	BR00117005	SLC7A11	final	crispr	P05	465	MetaphaseAlignment
0.16620689655172413	6.762073990044969e-18	BR00116996	VEGFA	final	crispr	C24	1450	MetaphaseAlignment
0.3766841559787537	2.1963272199879105e-16	BR00117004	TUBB3	final	crispr	K11	248	MetaphaseAlignment
0.4408409843192452	9.791436914278428e-85	BR00116999	CACNA2D3	final	crispr	N24	966	OutOfFocus
0.42957042957042957	2.8497006025764926e-83	BR00116996	OPRM1	final	crispr	P22	1001	OutOfFocus
0.387019538156949	2.5806179910839e-78	BR00116996	ABL1	final	crispr	P20	1166	OutOfFocus
0.502100260170637	1.925315559726086e-74	BR00116996	TGFBR1	final	crispr	P24	643	OutOfFocus
0.4082460530389021	4.748848071081237e-66	BR00116996	PDE3A	final	crispr	P18	880	OutOfFocus
0.4047439291640804	9.740661746820848e-66	BR00116996	CHRM2	final	crispr	O22	890	OutOfFocus
0.20755922086535272	2.9888240289913147e-61	BR00117004	AKT1	final	crispr	J19	3225	OutOfFocus
0.2245607845018329	1.2714121990190055e-55	BR00117005	PTK2B	final	crispr	N15	2494	OutOfFocus
0.387651104966645	1.8255289314252756e-55	BR00116996	GRIN2A	final	crispr	A23	821	OutOfFocus
0.3201675287090236	2.599747510785875e-53	BR00116996	P2RY12	final	crispr	O21	1166	OutOfFocus
0.22083176998936652	2.383828354415497e-53	BR00117005	LPAR1	final	crispr	L01	2470	Polylobed
0.18294862361720604	1.6235241637624801e-40	BR00118041	LYN	final	crispr	N13	2739	Polylobed
0.15807795265434543	4.7759072826347106e-31	BR00118041	MAPK8	final	crispr	D07	2807	Polylobed
0.15527456034476425	3.2815198099784605e-29	BR00117003	PORCN	final	crispr	L13	2737	Polylobed
0.15944988164287988	4.170890680706672e-28	BR00117005	PTK2B	final	crispr	N15	2494	Polylobed
0.13732901539576856	7.01551590022095e-25	BR00117004	PORCN	final	crispr	L13	2968	Polylobed
0.13097632126568529	1.5061660227590697e-24	BR00117004	AKT1	final	crispr	J19	3225	Polylobed
0.14819520827215413	1.9965020021934935e-22	BR00117001	CACNA2D3	final	crispr	O07	2289	Polylobed
0.14587882923870185	2.7605391433610837e-22	BR00118041	TUBB	final	crispr	J17	2352	Polylobed
0.14658155625967415	4.784670174523516e-22	BR00118044	PTK2B	final	crispr	N15	2302	Polylobed
0.23028870445158167	7.093469438461008e-13	BR00118044	AURKB	final	crispr	C13	533	Prometaphase
0.32900101936799186	5.679639280082925e-11	BR00117004	SIRT2	final	crispr	P01	218	Prometaphase
0.6507584165741769	8.123958706365356e-11	BR00117002	RPL23A	final	crispr	M18	51	Prometaphase
0.24215436810856658	1.1599130667705245e-10	BR00117000	AURKB	final	crispr	C13	396	Prometaphase
0.37864864864864867	4.195650579558705e-10	BR00117005	AURKB	final	crispr	C13	150	Prometaphase
0.23552423092853997	5.909933223879087e-10	BR00118041	CA5A	final	crispr	M01	389	Prometaphase
0.3453815261044177	2.488113276923146e-09	BR00117000	RPL23A	final	crispr	M18	166	Prometaphase
0.11286639914168006	1.8254503814407767e-08	BR00116999	FFAR2	final	crispr	A06	1448	Prometaphase
0.16016623911360753	2.3596320315015578e-08	BR00118044	FFAR2	final	crispr	A24	703	Prometaphase
0.21536842105263157	3.6310009699743386e-08	BR00117004	PPAT	final	crispr	E13	375	Prometaphase
0.22157431058579113	1.5034838156355053e-53	BR00117005	LPAR1	final	crispr	L01	2470	SmallIrregular
0.44562032539131774	6.481607450274479e-36	BR00117000	AURKB	final	crispr	C13	396	SmallIrregular
0.37837207576769377	1.4966018103499906e-34	BR00118044	AURKB	final	crispr	C13	533	SmallIrregular
0.26173826173826176	1.5303340768155728e-30	BR00116996	OPRM1	final	crispr	P22	1001	SmallIrregular
0.1512423275756697	8.31583005545532e-28	BR00118041	LYN	final	crispr	N13	2739	SmallIrregular
0.16279366501325662	5.611247368381642e-27	BR00117001	CACNA2D3	final	crispr	O07	2289	SmallIrregular
0.17426411408584813	6.247003177394772e-26	BR00118043	ELANE	final	crispr	N19	1915	SmallIrregular
0.15390230625033716	3.2200929112633964e-24	BR00118044	PTK2B	final	crispr	N15	2302	SmallIrregular
0.14006475016681819	6.65612305701599e-24	BR00117003	PORCN	final	crispr	L13	2737	SmallIrregular
0.5832432432432433	6.787491789520194e-24	BR00117005	AURKB	final	crispr	C13	150	SmallIrregular
0.1152935103793249	1.5555555672541794e-11	BR00117006	GPR119	final	orf	N23	1912	ADCCM
0.1195097037793667	1.5920363724751052e-11	BR00117006	HTR3A	final	orf	J23	1782	ADCCM
0.19747235387045814	3.301686084930147e-11	BR00118040	KRAS	final	orf	F08	633	ADCCM
0.10826787953416588	6.022434649712878e-11	BR00118050	HDAC3	final	orf	N21	2055	ADCCM
0.18134228533209856	2.848633321249296e-10	BR00118039	P3H1	final	orf	P24	682	ADCCM
0.16554927458689062	4.3611920949270986e-10	BR00118050	CSF1R	final	orf	D14	805	ADCCM
0.10421956421956421	1.3857682313053611e-09	BR00117006	HDAC3	final	orf	N21	1924	ADCCM
0.11254829205925679	2.461124396073672e-09	BR00118050	BRD4	final	orf	N17	1608	ADCCM
0.1112745219000617	3.259484413819876e-09	BR00118050	HTR3A	final	orf	J23	1625	ADCCM
0.11084889292665462	5.3952448553299705e-09	BR00118049	S1PR1	final	orf	L01	1593	ADCCM
0.648786520957869	9.75126631766809e-221	BR00117023	DHH	final	orf	G05	1108	Anaphase
0.5965116767473119	4.339000246257795e-170	BR00117023	TUBB3	final	orf	K05	1024	Anaphase
0.557057679030942	1.3661658516937317e-161	BR00117023	ADH1C	final	orf	O04	1128	Anaphase
0.5909547738693467	1.5100602599418446e-161	BR00117023	HRH4	final	orf	O06	995	Anaphase
0.548578792142432	3.943355415977112e-151	BR00117023	CDC25A	final	orf	M04	1088	Anaphase
0.5574878948810937	6.782303205626393e-144	BR00117023	CDK7	final	orf	K06	1003	Anaphase
0.5635245901639344	3.608276436846432e-143	BR00117023	TUBB3	final	orf	G06	976	Anaphase
0.5351363524962078	1.3627033816348956e-135	BR00117023	GRIN2A	final	orf	A05	1029	Anaphase
0.5586592178770949	6.43563662203756e-129	BR00117023	GABRB2	final	orf	C06	895	Anaphase
0.5388472081950656	1.1702156764086856e-127	BR00117023	SLC7A11	final	orf	A03	956	Anaphase
0.35239891207576335	1.6880632613943138e-61	BR00117023	DHH	final	orf	G05	1108	Apoptosis
0.32449789744555324	3.641047703979322e-53	BR00117023	ADH1C	final	orf	O04	1128	Apoptosis
0.3437185929648241	1.6605533703957518e-52	BR00117023	HRH4	final	orf	O06	995	Apoptosis
0.3186188649893119	1.1744519424223053e-46	BR00117023	GRIN2A	final	orf	A05	1029	Apoptosis
0.3090328690127077	1.2966469132856693e-43	BR00117023	TUBB3	final	orf	K05	1024	Apoptosis
0.3185151908640583	1.5729911399172077e-43	BR00117023	SLC7A11	final	orf	A03	956	Apoptosis
0.3076507529205213	1.5245907004674985e-42	BR00117023	CDK7	final	orf	K06	1003	Apoptosis
0.29544685859624437	2.629109690962428e-42	BR00117023	CDC25A	final	orf	M04	1088	Apoptosis
0.3094262295081967	1.1633736454396264e-41	BR00117023	TUBB3	final	orf	G06	976	Apoptosis
0.3242603550295858	1.0786909464239671e-39	BR00117023	TUBB4B	final	orf	E04	845	Apoptosis
0.6695161085184859	6.135837657178178e-236	BR00117023	DHH	final	orf	G05	1108	Binuclear
0.6082368837599437	7.359809483314755e-188	BR00117023	CDC25A	final	orf	M04	1088	Binuclear
0.6221105527638191	1.7711869615129623e-180	BR00117023	HRH4	final	orf	O06	995	Binuclear
0.5838322977468148	4.733061155636806e-179	BR00117023	ADH1C	final	orf	O04	1128	Binuclear
0.5925156937316716	3.822166393581141e-167	BR00117023	TUBB3	final	orf	K05	1024	Binuclear
0.5809426229508197	8.973969959900688e-153	BR00117023	TUBB3	final	orf	G06	976	Binuclear
0.5818654005062893	8.774695785377496e-151	BR00117023	SLC7A11	final	orf	A03	956	Binuclear
0.5563384346644487	9.082655700449775e-147	BR00117023	GRIN2A	final	orf	A05	1029	Binuclear
0.5556001318752904	2.4047197301270473e-143	BR00117023	CDK7	final	orf	K06	1003	Binuclear
0.5564245810055866	7.960545024751865e-128	BR00117023	GABRB2	final	orf	C06	895	Binuclear
0.24481537683358623	7.377501974573392e-18	BR00117023	PTK2B	final	orf	J18	659	Elongated
0.20759050447194424	1.1955432665227392e-14	BR00117023	PTK2B	final	orf	N19	754	Elongated
0.21768202080237742	1.578324003520227e-14	BR00117022	PTK2B	final	orf	J18	673	Elongated
0.19284802043422733	3.828244956782474e-13	BR00117022	PTK2B	final	orf	N19	783	Elongated
0.265334196471921	8.080082163292825e-11	BR00118049	PDPK1	final	orf	H15	334	Elongated
0.2758829559220949	2.7726814566788173e-10	BR00118049	PRKCE	final	orf	J19	294	Elongated
0.19135131293749777	5.459828132232261e-09	BR00118040	LYN	final	orf	C20	530	Elongated
0.14275197452356603	6.554135623806798e-09	BR00117022	LYN	final	orf	C20	951	Elongated
0.1671819048355102	8.343483622944022e-09	BR00118039	LYN	final	orf	M05	681	Elongated
0.19936006022962544	1.7371441014426733e-08	BR00118049	PTK2B	final	orf	J18	460	Elongated
0.1533873059686313	4.647373585297256e-20	BR00117006	GPR119	final	orf	N23	1912	Grape
0.1545253863134658	2.754902627982297e-19	BR00117006	ASIC1	final	orf	L21	1812	Grape
0.15069073189194304	1.0098382000661382e-18	BR00117006	PDPK1	final	orf	H15	1838	Grape
0.13853594650286313	1.1783724298802081e-17	BR00118050	HDAC3	final	orf	N21	2055	Grape
0.19654124539468507	2.1708770169695806e-17	BR00117023	ABL1	final	orf	C01	1001	Grape
0.5044874822862542	2.9353749713894603e-17	BR00118049	P3H1	final	orf	P24	145	Grape
0.13641504879644084	5.0721600603113914e-17	BR00117006	BRD4	final	orf	N17	2041	Grape
0.13642789642789643	4.075381406726345e-16	BR00117006	HDAC3	final	orf	N21	1924	Grape
0.14468813641816916	8.102023922054031e-16	BR00118050	PDE7A	final	orf	J11	1676	Grape
0.22459709681106413	2.0929145579560853e-15	BR00117022	PTK2B	final	orf	J18	673	Grape
0.676570618800189	5.098227830717388e-32	BR00118049	P3H1	final	orf	P24	145	Hole
0.16397296571147985	2.2114510946510037e-19	BR00118050	BRD4	final	orf	N17	1608	Hole
0.14868593437983232	7.1954833739392885e-19	BR00117006	GPR119	final	orf	N23	1912	Hole
0.14635662670057728	2.768078449638423e-17	BR00117006	CDK4	final	orf	B21	1795	Hole
0.17928247874536507	4.433954391712328e-16	BR00117023	DHH	final	orf	G05	1108	Hole
0.14715474778152138	8.6492755904586e-16	BR00118050	HTR3A	final	orf	J23	1625	Hole
0.13426042223372397	2.9259627114539395e-15	BR00118050	AURKB	final	orf	L19	1886	Hole
0.1295960795960796	1.6256796853851527e-14	BR00117006	HDAC3	final	orf	N21	1924	Hole
0.14488929952434726	1.810481480736711e-14	BR00118050	PTK2B	final	orf	N19	1528	Hole
0.13835701050030882	6.343223878726156e-14	BR00118050	ALDH2	final	orf	P13	1619	Hole
0.37859991716644004	3.74166358482469e-71	BR00117023	DHH	final	orf	G05	1108	Interphase
0.33969849246231154	2.8611428515886996e-51	BR00117023	HRH4	final	orf	O06	995	Interphase
0.31116740624492667	6.244338610728576e-47	BR00117023	CDC25A	final	orf	M04	1088	Interphase
0.29879966108077577	4.9447489403946373e-45	BR00117023	ADH1C	final	orf	O04	1128	Interphase
0.30702093799049507	1.9780418861402e-40	BR00117023	SLC7A11	final	orf	A03	956	Interphase
0.293497602028348	2.713876886866585e-39	BR00117023	TUBB3	final	orf	K05	1024	Interphase
0.2889344262295082	2.6563058368793963e-36	BR00117023	TUBB3	final	orf	G06	976	Interphase
0.2776908318868097	1.1442509515597614e-34	BR00117023	CDK7	final	orf	K06	1003	Interphase
0.26429550816014263	4.8552295827206543e-32	BR00117023	GRIN2A	final	orf	A05	1029	Interphase
0.2828402366863905	3.6042447601462296e-30	BR00117023	TUBB4B	final	orf	E04	845	Interphase
0.7498483558842809	1.7511998983697585e-304	BR00117023	DHH	final	orf	G05	1108	Large
0.6680254817046382	8.065091037162809e-240	BR00117023	ADH1C	final	orf	O04	1128	Large
0.7055276381909548	3.598634608897215e-238	BR00117023	HRH4	final	orf	O06	995	Large
0.6726165512203042	5.14903867164904e-234	BR00117023	CDC25A	final	orf	M04	1088	Large
0.6726043194037146	2.711851348931528e-220	BR00117023	TUBB3	final	orf	K05	1024	Large
0.6562841356408861	3.5427125532061363e-205	BR00117023	CDK7	final	orf	K06	1003	Large
0.6598360655737705	2.505952375801123e-201	BR00117023	TUBB3	final	orf	G06	976	Large
0.6399033671056404	2.2761935179416035e-198	BR00117023	GRIN2A	final	orf	A05	1029	Large
0.64148992449382	4.338255036422404e-186	BR00117023	SLC7A11	final	orf	A03	956	Large
0.6603351955307263	5.957407357404043e-185	BR00117023	GABRB2	final	orf	C06	895	Large
0.30711983748778104	4.6347635017966825e-43	BR00117023	TUBB3	final	orf	K05	1024	Metaphase
0.2946608226611749	7.767793892429942e-43	BR00117023	DHH	final	orf	G05	1108	Metaphase
0.30758521249001997	1.52459110710479e-42	BR00117023	CDK7	final	orf	K06	1003	Metaphase
0.2984924623115578	1.6864172594468628e-39	BR00117023	HRH4	final	orf	O06	995	Metaphase
0.30020491803278687	3.353021493979859e-39	BR00117023	TUBB3	final	orf	G06	976	Metaphase
0.3207100591715976	8.012343387248898e-39	BR00117023	TUBB4B	final	orf	E04	845	Metaphase
0.28473773707563427	3.4983839851796536e-37	BR00117023	GRIN2A	final	orf	A05	1029	Metaphase
0.27045597188225695	6.988050816224993e-37	BR00117023	ADH1C	final	orf	O04	1128	Metaphase
0.28086047314874324	7.778227955313326e-34	BR00117023	SLC7A11	final	orf	A03	956	Metaphase
0.27150837988826815	2.0024341393059415e-29	BR00117023	GABRB2	final	orf	C06	895	Metaphase
0.2523325473928626	2.091564772638176e-31	BR00117023	DHH	final	orf	G05	1108	MetaphaseAlignment
0.2150753768844221	1.4634785651990127e-20	BR00117023	HRH4	final	orf	O06	995	MetaphaseAlignment
0.20367676258553274	4.980228592165855e-19	BR00117023	TUBB3	final	orf	K05	1024	MetaphaseAlignment
0.18990898452297203	1.1740638227912022e-17	BR00117023	CDC25A	final	orf	M04	1088	MetaphaseAlignment
0.1834823950291847	3.864878512737707e-17	BR00117023	ADH1C	final	orf	O04	1128	MetaphaseAlignment
0.19262295081967212	3.043357524579141e-16	BR00117023	TUBB3	final	orf	G06	976	MetaphaseAlignment
0.1789015423847978	1.5459196707572273e-14	BR00117023	CDK7	final	orf	K06	1003	MetaphaseAlignment
0.17415607525259813	3.326263149661747e-13	BR00117023	SLC7A11	final	orf	A03	956	MetaphaseAlignment
0.17988826815642459	4.585618887829366e-13	BR00117023	GABRB2	final	orf	C06	895	MetaphaseAlignment
0.13151238142026647	6.165178354063039e-13	BR00117006	JAK1	final	orf	H17	1656	MetaphaseAlignment
0.5981561379994065	1.5322201105657153e-184	BR00117023	DHH	final	orf	G05	1108	OutOfFocus
0.5678391959798995	2.4414244092924743e-148	BR00117023	HRH4	final	orf	O06	995	OutOfFocus
0.5280534111592293	1.0917771358765492e-144	BR00117023	ADH1C	final	orf	O04	1128	OutOfFocus
0.530975073313783	2.2538766956273068e-132	BR00117023	TUBB3	final	orf	K05	1024	OutOfFocus
0.5088774757833217	1.2579136635217607e-128	BR00117023	CDC25A	final	orf	M04	1088	OutOfFocus
0.5237464896148208	1.5319567298545244e-126	BR00117023	CDK7	final	orf	K06	1003	OutOfFocus
0.5274655369158326	2.2362236078302774e-122	BR00117023	SLC7A11	final	orf	A03	956	OutOfFocus
0.5036824021582482	4.4077262140865155e-119	BR00117023	GRIN2A	final	orf	A05	1029	OutOfFocus
0.514344262295082	4.742674743097711e-118	BR00117023	TUBB3	final	orf	G06	976	OutOfFocus
0.5325443786982249	5.20061392194692e-110	BR00117023	TUBB4B	final	orf	E04	845	OutOfFocus
0.383316375281683	3.729587383910452e-73	BR00117023	DHH	final	orf	G05	1108	Polylobed
0.3170649285190616	4.890969184336971e-46	BR00117023	TUBB3	final	orf	K05	1024	Polylobed
0.3075376884422111	6.063469274355041e-42	BR00117023	HRH4	final	orf	O06	995	Polylobed
0.2994959345072353	2.5407582341476416e-40	BR00117023	CDK7	final	orf	K06	1003	Polylobed
0.28164187535304086	6.5049639280579386e-40	BR00117023	ADH1C	final	orf	O04	1128	Polylobed
0.2855327331024406	1.3226485299267549e-39	BR00117023	CDC25A	final	orf	M04	1088	Polylobed
0.29405737704918034	1.3219954090244707e-37	BR00117023	TUBB3	final	orf	G06	976	Polylobed
0.29720670391061454	2.903179418669253e-35	BR00117023	GABRB2	final	orf	C06	895	Polylobed
0.2577709898815556	1.668496455089369e-30	BR00117023	GRIN2A	final	orf	A05	1029	Polylobed
0.25983613366386415	6.088028551350634e-29	BR00117023	SLC7A11	final	orf	A03	956	Polylobed
0.27408450979816656	3.2876821455051837e-37	BR00117023	DHH	final	orf	G05	1108	Prometaphase
0.26629513379765396	1.6446974180089773e-32	BR00117023	TUBB3	final	orf	K05	1024	Prometaphase
0.24611866755857523	7.385952413754142e-26	BR00117023	SLC7A11	final	orf	A03	956	Prometaphase
0.2306526635233741	7.51976278117073e-24	BR00117023	CDK7	final	orf	K06	1003	Prometaphase
0.22131147540983606	2.3897285944930167e-21	BR00117023	TUBB3	final	orf	G06	976	Prometaphase
0.2150753768844221	1.4634785651990127e-20	BR00117023	HRH4	final	orf	O06	995	Prometaphase
0.5386395843174303	9.257164366111791e-20	BR00118049	P3H1	final	orf	P24	145	Prometaphase
0.1955187347015628	2.5089353117785917e-19	BR00117023	ADH1C	final	orf	O04	1128	Prometaphase
0.1936421072568862	2.200647874707917e-18	BR00117023	CDC25A	final	orf	M04	1088	Prometaphase
0.21775147928994082	5.89965747810162e-18	BR00117023	TUBB4B	final	orf	E04	845	Prometaphase
0.25169417458314175	2.2264672055591777e-31	BR00117023	DHH	final	orf	G05	1108	SmallIrregular
0.6559754369390647	6.1461656015696795e-30	BR00118049	P3H1	final	orf	P24	145	SmallIrregular
0.27262569832402234	1.1462572948441385e-29	BR00117023	GABRB2	final	orf	C06	895	SmallIrregular
0.2434537177336436	7.543448871782458e-29	BR00117023	CDC25A	final	orf	M04	1088	SmallIrregular
0.23332705705140275	1.7935102240375163e-27	BR00117023	ADH1C	final	orf	O04	1128	SmallIrregular
0.24824120603015076	2.5430221894262645e-27	BR00117023	HRH4	final	orf	O06	995	SmallIrregular
0.2354192402871068	7.550648995082848e-25	BR00117023	CDK7	final	orf	K06	1003	SmallIrregular
0.23258196721311475	1.4883832992432366e-23	BR00117023	TUBB3	final	orf	G06	976	SmallIrregular
0.2262101112527359	1.5036706907429324e-23	BR00117023	GRIN2A	final	orf	A05	1029	SmallIrregular
0.23206702407716992	4.197876474116579e-22	BR00117023	KCNN4	final	orf	A06	913	SmallIrregular
0.40484118852459017	1.0586866412792302e-09	BR00117019	romidepsin	shuffled	compound	N19	122	ADCCM
0.11988427460671448	2.5416317494277827e-09	BR00117017	FK-866	shuffled	compound	D08	1410	ADCCM
0.1985704079889422	2.7176309578804667e-09	BR00117017	fludarabine-phosphate	shuffled	compound	N12	507	ADCCM
0.12274598468055706	2.7355391456191807e-09	BR00116992	polydatin	shuffled	compound	K08	1346	ADCCM
0.1128311609249133	4.912343340903369e-09	BR00116991	BQ-788	shuffled	compound	E08	1546	ADCCM
0.259927797833935	1.242732692491028e-08	BR00117017	AR-12	shuffled	compound	C10	277	ADCCM
0.09828035009836196	6.39948728804533e-08	BR00116993	LY2109761	shuffled	compound	M02	1777	ADCCM
0.15310344827586206	7.878798431029417e-08	BR00116995	RKI-1447	shuffled	compound	J04	725	ADCCM
0.07680583496599871	8.028962004788784e-08	BR00117015	LY2109761	shuffled	compound	M02	2866	ADCCM
0.3226617975248529	9.351537250340555e-08	BR00117016	romidepsin	shuffled	compound	N19	159	ADCCM
0.5173103394540686	1.2162981230545452e-34	BR00117026	SU3327	shuffled	compound	I20	278	Anaphase
0.5309748427672956	1.6578751580111762e-34	BR00117024	SU3327	shuffled	compound	I20	265	Anaphase
0.22349520960737762	2.0325024264301544e-34	BR00116991	BQ-788	shuffled	compound	E08	1546	Anaphase
0.5518607257410055	1.895309191854994e-32	BR00117025	SU3327	shuffled	compound	I20	226	Anaphase
0.48289425438060424	3.991155229415849e-32	BR00117026	puromycin	shuffled	compound	C22	299	Anaphase
0.22075291956952744	4.274113601415747e-32	BR00117017	ingenol-mebutate	shuffled	compound	M11	1477	Anaphase
0.4964349035064223	7.002623362006042e-32	BR00116995	SU3327	shuffled	compound	I20	281	Anaphase
0.7094494047619048	1.3412950220861612e-31	BR00117050	romidepsin	shuffled	compound	N19	126	Anaphase
0.5277026064663154	7.6136869963815765e-31	BR00117025	AZD7762	shuffled	compound	I05	236	Anaphase
0.16595073312973818	3.9380665919337496e-30	BR00117015	RKI-1447	shuffled	compound	J04	2466	Anaphase
0.4433021890216929	1.866147442431475e-137	BR00116991	BQ-788	shuffled	compound	E08	1546	Apoptosis
0.38777372262773724	7.108730986315749e-74	BR00116991	quinine	shuffled	compound	A05	1096	Apoptosis
0.30107125440236265	7.707706600571655e-61	BR00117017	fludarabine	shuffled	compound	B06	1509	Apoptosis
0.6787021154945683	1.1573138280618078e-58	BR00117024	SU3327	shuffled	compound	I20	265	Apoptosis
0.27298137694043967	1.2913460759079542e-57	BR00117017	JTE-607	shuffled	compound	C14	1739	Apoptosis
0.41193905355057553	1.6443668738261223e-56	BR00116991	fludarabine-phosphate	shuffled	compound	N12	735	Apoptosis
0.2771553743567581	3.0416451714719744e-55	BR00117015	fludarabine	shuffled	compound	B06	1615	Apoptosis
0.6466768823208581	5.006201288756849e-55	BR00117026	SU3327	shuffled	compound	I20	278	Apoptosis
0.3484698914116486	5.877813255742276e-55	BR00117055	fludarabine	shuffled	compound	B06	1013	Apoptosis
0.483638509683331	3.526799364498119e-54	BR00117017	fludarabine-phosphate	shuffled	compound	N12	507	Apoptosis
0.5257873549609282	1.0845752984827347e-52	BR00117019	fludarabine-phosphate	shuffled	compound	N12	412	Binuclear
0.27093888273018635	1.0087661741851583e-51	BR00117019	fludarabine	shuffled	compound	B06	1588	Binuclear
0.6041118615949758	7.647337565433841e-50	BR00117051	fludarabine-phosphate	shuffled	compound	N12	290	Binuclear
0.6321078431372549	1.945344643840995e-48	BR00117052	fludarabine-phosphate	shuffled	compound	N12	255	Binuclear
0.6060657261130354	3.068355337514279e-46	BR00117053	fludarabine-phosphate	shuffled	compound	N12	267	Binuclear
0.3683052512558157	6.57815797232687e-45	BR00116991	fludarabine-phosphate	shuffled	compound	N12	735	Binuclear
0.34993887530562345	7.938553391557986e-45	BR00116994	fludarabine-phosphate	shuffled	compound	N12	816	Binuclear
0.46032963910201763	1.4589629120179304e-44	BR00117015	fludarabine-phosphate	shuffled	compound	N12	459	Binuclear
0.4384172762428365	2.337905616248886e-44	BR00117017	fludarabine-phosphate	shuffled	compound	N12	507	Binuclear
0.2485438972572222	2.575272584058205e-44	BR00117015	fludarabine	shuffled	compound	B06	1615	Binuclear
0.33579984140895625	6.9960659802094595e-25	BR00116992	CYT-997	shuffled	compound	C09	489	Elongated
0.30456852791878175	1.3509677671711495e-24	BR00116992	BI-2536	shuffled	compound	I14	591	Elongated
0.2701291763791764	5.104658553276538e-23	BR00117015	PF-431396	shuffled	compound	L20	702	Elongated
0.27624739002087983	3.976563829315148e-22	BR00116994	BI-2536	shuffled	compound	I14	645	Elongated
0.2493285308780383	4.0099126272017232e-22	BR00117019	AMG900	shuffled	compound	N09	795	Elongated
0.31095639885282017	1.6431858994164623e-21	BR00116992	briciclib	shuffled	compound	H01	490	Elongated
0.2867251029675784	8.289047250821142e-21	BR00116991	BI-2536	shuffled	compound	I14	557	Elongated
0.2756950952827241	4.2285647478902275e-20	BR00117015	aminopurvalanol-a	shuffled	compound	K03	582	Elongated
0.2772290587219344	4.894559681618674e-20	BR00116994	BI-2536	shuffled	compound	E21	576	Elongated
0.2838827838827839	8.794005396264558e-20	BR00116994	briciclib	shuffled	compound	H01	546	Elongated
0.2832464759297446	6.678912538343714e-45	BR00117015	ingenol-mebutate	shuffled	compound	M11	1259	Grape
0.24965815710170325	6.136190318821195e-41	BR00117017	ingenol-mebutate	shuffled	compound	M11	1477	Grape
0.2667119300467654	1.1933350252652506e-40	BR00117016	ingenol-mebutate	shuffled	compound	M11	1280	Grape
0.5572612921669525	3.387544449201765e-38	BR00117024	SU3327	shuffled	compound	I20	265	Grape
0.24391717062880816	3.640314374355162e-37	BR00117019	NNC-55-0396	shuffled	compound	A16	1407	Grape
0.3012878337843685	9.470780441402483e-37	BR00117055	ingenol-mebutate	shuffled	compound	M11	906	Grape
0.17558402411454407	3.872935452400234e-36	BR00117019	RKI-1447	shuffled	compound	J04	2654	Grape
0.2416119817893075	5.0463277312328545e-34	BR00117015	NNC-55-0396	shuffled	compound	A16	1307	Grape
0.20935672514619882	3.299634673031646e-33	BR00117019	AC-710	shuffled	compound	I03	1710	Grape
0.49640939297695125	7.273706653694804e-32	BR00116995	SU3327	shuffled	compound	I20	281	Grape
0.28604413014916147	5.424775014131085e-17	BR00116993	CYT-997	shuffled	compound	E06	456	Hole
0.14853801169590644	7.239953866412222e-17	BR00117019	AC-710	shuffled	compound	I03	1710	Hole
0.26251309854663085	1.0276940782869743e-14	BR00116993	briciclib	shuffled	compound	H01	467	Hole
0.1325724397341206	4.567731232267985e-14	BR00116993	LY2109761	shuffled	compound	M02	1777	Hole
0.10741640204960438	1.4027578396070028e-12	BR00117015	ibudilast	shuffled	compound	G24	2413	Hole
0.10662848934603421	1.6033292041042811e-12	BR00117015	ANR-94	shuffled	compound	D24	2439	Hole
0.1214210998898444	3.0266096939887965e-12	BR00117016	AC-710	shuffled	compound	I03	1829	Hole
0.0998492840994725	6.202632402073241e-12	BR00117019	RKI-1447	shuffled	compound	J04	2654	Hole
0.22515067126646993	2.3955297855951463e-11	BR00116992	briciclib	shuffled	compound	H01	490	Hole
0.22272322824231056	2.4748014836491573e-11	BR00116991	briciclib	shuffled	compound	H01	498	Hole
0.43613789073911774	2.540589581950665e-42	BR00116992	CYT-997	shuffled	compound	C09	489	Interphase
0.43080029368575623	1.8313374936390743e-38	BR00116993	CYT-997	shuffled	compound	E06	456	Interphase
0.3985327735982377	2.8941126212575185e-35	BR00116992	briciclib	shuffled	compound	H01	490	Interphase
0.4100601230425056	3.3518528448715455e-34	BR00116991	colchicine	shuffled	compound	K17	447	Interphase
0.3797026079587041	3.725325040293366e-33	BR00116993	CYT-997	shuffled	compound	C09	509	Interphase
0.39522490374683067	1.1859282424739607e-32	BR00116991	ixabepilone	shuffled	compound	J21	463	Interphase
0.4050297463841381	1.645529615446697e-32	BR00116991	KG-5	shuffled	compound	C13	433	Interphase
0.3927443702053947	1.3707383465675496e-31	BR00116992	CYT-997	shuffled	compound	E06	450	Interphase
0.3622155671665038	1.4556045415504841e-31	BR00116992	ixabepilone	shuffled	compound	J21	531	Interphase
0.35714285714285715	2.5522101775249583e-31	BR00116994	briciclib	shuffled	compound	H01	546	Interphase
0.18546643959760534	5.5751150999929487e-33	BR00117053	LY2109761	shuffled	compound	M02	2161	Large
0.2230665222307443	1.840991566173777e-31	BR00116994	polydatin	shuffled	compound	K08	1421	Large
0.22427881474723363	3.890501190839234e-30	BR00116992	polydatin	shuffled	compound	K08	1346	Large
0.14841704344915577	1.8314420954401389e-28	BR00117019	LY2109761	shuffled	compound	M02	2916	Large
0.1485822819552275	4.587583515803788e-28	BR00117015	LY2109761	shuffled	compound	M02	2866	Large
0.17583582871599865	5.750666301013147e-27	BR00117019	PP-2	shuffled	compound	J10	1961	Large
0.14542190348981748	6.983565767959362e-27	BR00117017	LY2109761	shuffled	compound	M02	2862	Large
0.2796812749003984	2.3215215424050955e-26	BR00116993	fludarabine-phosphate	shuffled	compound	N12	753	Large
0.211021001599238	1.8943784912699948e-23	BR00116993	polydatin	shuffled	compound	K08	1177	Large
0.2838639018691589	3.143982858722482e-23	BR00117026	KU-60019	shuffled	compound	I07	642	Large
0.3602080624187256	1.0207795044981619e-44	BR00117017	AMG900	shuffled	compound	N09	769	Metaphase
0.2697510756605098	1.6069861867987295e-43	BR00116992	polydatin	shuffled	compound	K08	1346	Metaphase
0.2495710411247025	2.0861285282055412e-39	BR00116994	polydatin	shuffled	compound	K08	1421	Metaphase
0.27713990245975134	7.134508477790633e-39	BR00116991	polydatin	shuffled	compound	K08	1132	Metaphase
0.31365366659484306	7.579858038697082e-39	BR00116992	AMG900	shuffled	compound	N09	882	Metaphase
0.4395755837404204	2.2136934319002782e-37	BR00117052	AMG900	shuffled	compound	N09	424	Metaphase
0.2663037027071941	2.933576900896999e-37	BR00116993	polydatin	shuffled	compound	K08	1177	Metaphase
0.16658181421591164	9.077469838677042e-36	BR00117019	LY2109761	shuffled	compound	M02	2916	Metaphase
0.3205069347334723	9.742480929095072e-35	BR00116991	AMG900	shuffled	compound	N09	753	Metaphase
0.3165284650330164	1.0168429947019364e-34	BR00116993	AMG900	shuffled	compound	N09	770	Metaphase
0.4965624561537775	5.704199399987053e-32	BR00116995	SU3327	shuffled	compound	I20	281	MetaphaseAlignment
0.5048599199542596	2.3137620457197637e-31	BR00117024	SU3327	shuffled	compound	I20	265	MetaphaseAlignment
0.1607154999364381	2.6470266267604546e-28	BR00117015	RKI-1447	shuffled	compound	J04	2466	MetaphaseAlignment
0.3315018315018315	5.864706006378684e-27	BR00116994	briciclib	shuffled	compound	H01	546	MetaphaseAlignment
0.445445809417448	1.611070193739402e-25	BR00117026	SU3327	shuffled	compound	I20	278	MetaphaseAlignment
0.4858948100629903	6.321589866774069e-25	BR00117025	SU3327	shuffled	compound	I20	226	MetaphaseAlignment
0.32783505154639175	1.8354910512696018e-23	BR00117052	KU-60019	shuffled	compound	I07	485	MetaphaseAlignment
0.314774414106428	2.9602307972277406e-23	BR00116992	epothilone-b	shuffled	compound	F07	517	MetaphaseAlignment
0.34260981855588873	1.055590951499841e-22	BR00116994	KG-5	shuffled	compound	C13	427	MetaphaseAlignment
0.13790504898266767	2.0650600514260173e-22	BR00117019	RKI-1447	shuffled	compound	J04	2654	MetaphaseAlignment
0.3732119635890767	4.683021932522889e-48	BR00117017	AMG900	shuffled	compound	N09	769	OutOfFocus
0.3306399482870071	3.3966651288187203e-43	BR00116992	AMG900	shuffled	compound	N09	882	OutOfFocus
0.41832636802925427	1.84098068196602e-39	BR00117050	AMG900	shuffled	compound	N09	496	OutOfFocus
0.33245912596853205	2.1751979712797444e-37	BR00116991	AMG900	shuffled	compound	N09	753	OutOfFocus
0.42301469728275704	7.256603872185046e-37	BR00117053	AMG900	shuffled	compound	N09	452	OutOfFocus
0.42990633263120154	1.0441750211064824e-35	BR00117052	AMG900	shuffled	compound	N09	424	OutOfFocus
0.31782041105838243	5.324315259679161e-35	BR00116993	AMG900	shuffled	compound	N09	770	OutOfFocus
0.31885617134149785	1.8498754112865028e-34	BR00117017	PF-431396	shuffled	compound	L20	752	OutOfFocus
0.23982745143196268	1.881490805790883e-34	BR00116992	polydatin	shuffled	compound	K08	1346	OutOfFocus
0.3111800205137991	2.16520332765786e-34	BR00117019	AMG900	shuffled	compound	N09	795	OutOfFocus
0.19237118347536541	1.2242248514741897e-12	BR00117017	PF-431396	shuffled	compound	L20	752	Polylobed
0.1846553966189857	7.16607163365212e-12	BR00117017	AMG900	shuffled	compound	N09	769	Polylobed
0.24636847403998274	1.7836647285190485e-11	BR00117053	PF-431396	shuffled	compound	L20	409	Polylobed
0.2311800709523995	4.406698565568342e-11	BR00117053	AMG900	shuffled	compound	N09	452	Polylobed
0.11436475092261665	6.56490983518184e-11	BR00117016	AC-710	shuffled	compound	I03	1829	Polylobed
0.09802106690306096	1.4470136671943158e-10	BR00117015	ibudilast	shuffled	compound	G24	2413	Polylobed
0.22791646125577017	4.223786955755899e-10	BR00117052	AMG900	shuffled	compound	N09	424	Polylobed
0.17089452603471295	5.763670321748995e-10	BR00116992	PF-431396	shuffled	compound	L20	749	Polylobed
0.11929550378739501	1.1972963789212601e-09	BR00117017	ingenol-mebutate	shuffled	compound	M11	1477	Polylobed
0.09064129166409399	1.5891096360400579e-09	BR00117017	RGFP966	shuffled	compound	H03	2532	Polylobed
0.2856934731934732	1.0055322789946298e-25	BR00117015	AMG900	shuffled	compound	N09	702	Prometaphase
0.2591815153177651	6.4337939322478444e-24	BR00117019	AMG900	shuffled	compound	N09	795	Prometaphase
0.2626788036410923	9.995216296897838e-24	BR00117017	AMG900	shuffled	compound	N09	769	Prometaphase
0.31848544824794206	1.1389014957446176e-23	BR00116992	epothilone-b	shuffled	compound	F07	517	Prometaphase
0.31343283582089554	1.1613819643640647e-23	BR00117017	epothilone-b	shuffled	compound	F07	536	Prometaphase
0.2685994560994561	9.345217185456183e-23	BR00117015	PF-431396	shuffled	compound	L20	702	Prometaphase
0.3262153522279833	8.603209374538096e-22	BR00117053	AMG900	shuffled	compound	N09	452	Prometaphase
0.23425524055776156	1.0751474257279841e-21	BR00116992	AMG900	shuffled	compound	N09	882	Prometaphase
0.27898468712156366	6.2703514742884035e-21	BR00117055	AMG900	shuffled	compound	N09	593	Prometaphase
0.3154944126209034	7.247462701092876e-21	BR00116991	ixabepilone	shuffled	compound	J21	463	Prometaphase
0.36763179746970936	1.227867582614855e-93	BR00116991	BQ-788	shuffled	compound	E08	1546	SmallIrregular
0.4102966549785718	2.3934859780144244e-60	BR00117019	AMG900	shuffled	compound	N09	795	SmallIrregular
0.41585535465924894	4.639206462270151e-56	BR00117019	PF-431396	shuffled	compound	L20	719	SmallIrregular
0.4194590132090132	7.527239014496287e-56	BR00117015	PF-431396	shuffled	compound	L20	702	SmallIrregular
0.395616993058299	4.793223104974492e-53	BR00117017	PF-431396	shuffled	compound	L20	752	SmallIrregular
0.3938584779706275	3.0528186293221013e-52	BR00116992	PF-431396	shuffled	compound	L20	749	SmallIrregular
0.3757008581680047	8.401816160816504e-51	BR00116994	AMG900	shuffled	compound	N09	798	SmallIrregular
0.38716770701471037	4.315832117365894e-50	BR00116994	PF-431396	shuffled	compound	L20	744	SmallIrregular
0.4170369163630619	5.446103361125271e-50	BR00116994	danusertib	shuffled	compound	N18	636	SmallIrregular
0.3790559615841271	1.0504190384697476e-48	BR00116991	AMG900	shuffled	compound	N09	753	SmallIrregular
0.17813776509428683	7.765366695065697e-14	BR00116999	CACNA2D3	shuffled	crispr	N24	966	ADCCM
0.13986013986013987	5.938922573440764e-09	BR00116996	OPRM1	shuffled	crispr	P22	1001	ADCCM
0.15207974063599367	3.5558023272071586e-08	BR00116996	TNNC1	shuffled	crispr	D09	760	ADCCM
0.15518669786776354	2.8317138704933624e-07	BR00116996	TGFBR1	shuffled	crispr	P24	643	ADCCM
0.11332094789860457	1.1900978022179635e-06	BR00116999	TGFBR1	shuffled	crispr	P24	1101	ADCCM
0.13140405524172136	1.7076571100699495e-06	BR00116996	TUBB	shuffled	crispr	K13	803	ADCCM
0.0797005458533848	1.937587997013754e-06	BR00117005	CSK	shuffled	crispr	B05	2170	ADCCM
0.10829397922573457	2.148813511930496e-06	BR00116996	ABL1	shuffled	crispr	P20	1166	ADCCM
0.1317604158532155	2.8211566009305147e-06	BR00116996	S1PR1	shuffled	crispr	P23	766	ADCCM
0.12138084632516703	3.500420067050296e-06	BR00116996	BAX	shuffled	crispr	L14	898	ADCCM
0.11391821239741323	2.140019449290871e-14	BR00117005	LPAR1	shuffled	crispr	L01	2470	Anaphase
0.11530506958148272	9.964015770667056e-14	BR00117001	CACNA2D3	shuffled	crispr	O07	2289	Anaphase
0.11662917118554438	2.8580815515917762e-11	BR00118043	GJB4	shuffled	crispr	N01	1829	Anaphase
0.11732152739346983	3.0010836572915955e-11	BR00118044	HSD11B1	shuffled	crispr	O01	1807	Anaphase
0.1222794045492141	6.53725025495505e-11	BR00118044	OPRM1	shuffled	crispr	P22	1604	Anaphase
0.11513352344699011	7.594143793553579e-11	BR00118041	KRAS	shuffled	crispr	F07	1797	Anaphase
0.11351663433495651	3.1848343509530575e-10	BR00118044	LPAR1	shuffled	crispr	L01	1740	Anaphase
0.11224267480221752	5.279725975126395e-10	BR00117001	LPAR1	shuffled	crispr	L01	1739	Anaphase
0.12159408771806798	1.0130473745403774e-09	BR00118043	BTK	shuffled	crispr	P17	1434	Anaphase
0.1055909933958503	1.7817647447690346e-09	BR00117001	SLC29A1	shuffled	crispr	N21	1860	Anaphase
0.3112950504254852	8.024392812602808e-42	BR00116999	CACNA2D3	shuffled	crispr	N24	966	Apoptosis
0.2378707774255138	2.0739989964276597e-29	BR00116996	ABL1	shuffled	crispr	P20	1166	Apoptosis
0.31683648008992116	3.7944504321585323e-29	BR00116996	TGFBR1	shuffled	crispr	P24	643	Apoptosis
0.24675324675324675	3.71443048323929e-27	BR00116996	OPRM1	shuffled	crispr	P22	1001	Apoptosis
0.14898767881937122	1.4182723943443798e-24	BR00117005	PTK2B	shuffled	crispr	N15	2494	Apoptosis
0.24250851305334847	2.8916847311972014e-23	BR00116996	PDE3A	shuffled	crispr	P18	880	Apoptosis
0.25978433216649066	3.1210940253942705e-23	BR00116996	S1PR1	shuffled	crispr	P23	766	Apoptosis
0.2630173564753004	3.5234368763048346e-23	BR00116996	P2RY12	shuffled	crispr	P19	749	Apoptosis
0.23038901485882218	3.198844097807518e-21	BR00116996	CHRM2	shuffled	crispr	O22	890	Apoptosis
0.2704697327044025	4.87378932783867e-21	BR00116996	GPR119	shuffled	crispr	P21	640	Apoptosis
0.27065550978594455	1.5180804646225942e-31	BR00116999	CACNA2D3	shuffled	crispr	N24	966	Binuclear
0.2597402597402597	4.448350780612034e-30	BR00116996	OPRM1	shuffled	crispr	P22	1001	Binuclear
0.26203209910948405	2.258185080356725e-27	BR00116996	CHRM2	shuffled	crispr	O22	890	Binuclear
0.14671452001107585	1.2598608006931181e-23	BR00117005	LPAR1	shuffled	crispr	L01	2470	Binuclear
0.5222317842799771	1.5405556487929034e-21	BR00117000	RPL23A	shuffled	crispr	M18	166	Binuclear
0.13904281556345427	1.737288606257629e-21	BR00117005	PTK2B	shuffled	crispr	N15	2494	Binuclear
0.24241071276996676	2.723786676388767e-20	BR00116996	S1PR1	shuffled	crispr	P23	766	Binuclear
0.26240655416830183	4.7171612340534827e-20	BR00116996	TGFBR1	shuffled	crispr	P24	643	Binuclear
0.19486934142315623	8.247851735007212e-20	BR00116996	ABL1	shuffled	crispr	P20	1166	Binuclear
0.23254675810473815	1.5089430824864476e-19	BR00116996	SLCO2B1	shuffled	crispr	A21	802	Binuclear
0.21289228159457166	2.473930842984745e-08	BR00117000	AURKB	shuffled	crispr	C13	396	Elongated
0.16917706334820845	3.921837749785342e-07	BR00118044	AURKB	shuffled	crispr	C13	533	Elongated
0.12898644729022601	3.972543093021683e-07	BR00116999	MET	shuffled	crispr	E20	921	Elongated
0.12507739198251647	5.192081312730574e-07	BR00116999	PAK4	shuffled	crispr	G22	961	Elongated
0.15415282392026577	1.0702681352694256e-06	BR00116999	CDK9	shuffled	crispr	I20	602	Elongated
0.13955155270301478	3.0361076736554195e-06	BR00116999	F10	shuffled	crispr	H07	677	Elongated
0.11291866028708133	3.1969873684129264e-06	BR00116999	ASIC1	shuffled	crispr	J04	1045	Elongated
0.16135021097046415	6.7344675919080535e-06	BR00116999	TUBB	shuffled	crispr	J17	474	Elongated
0.19734111244350153	1.6554943361245444e-05	BR00117000	PLK1	shuffled	crispr	G09	293	Elongated
0.12762154867418024	1.7173061276714554e-05	BR00116999	TGFBR1	shuffled	crispr	B08	702	Elongated
0.16175252325000772	1.1803106642133623e-26	BR00117001	CACNA2D3	shuffled	crispr	O07	2289	Grape
0.13295104353312096	1.957830869236066e-24	BR00118041	UGT1A9	shuffled	crispr	J01	3112	Grape
0.16768123962368567	1.3716989058260737e-22	BR00118044	HSD11B1	shuffled	crispr	O01	1807	Grape
0.16800304224883456	6.626108436272686e-22	BR00117001	LPAR1	shuffled	crispr	L01	1739	Grape
0.12014696482552133	9.158704516907014e-21	BR00117004	AKT1	shuffled	crispr	J19	3225	Grape
0.16985799087540362	1.209646381799742e-20	BR00118044	OPRM1	shuffled	crispr	P22	1604	Grape
0.1360933477750462	2.2292204779303273e-20	BR00118041	AKR1B1	shuffled	crispr	L21	2467	Grape
0.14009717238837416	3.245226985788992e-20	BR00118044	PTK2B	shuffled	crispr	N15	2302	Grape
0.127270170796574	7.91833352398367e-20	BR00118041	LYN	shuffled	crispr	N13	2739	Grape
0.1546593402818606	1.2090848740312405e-18	BR00117001	CACNG1	shuffled	crispr	N23	1738	Grape
0.2301182533572834	1.4559512504186999e-10	BR00118042	PLA2G1B	shuffled	crispr	J11	432	Hole
0.10973475810077117	2.0697297183478983e-09	BR00118044	AKT1	shuffled	crispr	J19	1700	Hole
0.14445574771108852	2.3216862199840207e-09	BR00116999	RNASE1	shuffled	crispr	I13	983	Hole
0.16040481317637995	4.970790308026798e-09	BR00118041	CDC25A	shuffled	crispr	C14	764	Hole
0.16800756906994835	7.140675253889685e-09	BR00116996	FGF1	shuffled	crispr	J12	676	Hole
0.16652527747628612	7.208316197684237e-09	BR00116998	PRKCE	shuffled	crispr	K05	693	Hole
0.15130023640661938	7.293499373056253e-09	BR00116996	AURKB	shuffled	crispr	M05	846	Hole
0.14049586776859505	9.540802295926242e-09	BR00116998	P3H1	shuffled	crispr	I01	968	Hole
0.15528979503620186	1.1630351159249498e-08	BR00116997	PARP3	shuffled	crispr	L11	782	Hole
0.13346228239845262	1.9154378144263854e-08	BR00117005	PDE3A	shuffled	crispr	O08	1034	Hole
0.12451577199778639	1.2751756412880374e-12	BR00118044	HSD11B1	shuffled	crispr	O01	1807	Interphase
0.2776727239184577	1.5026294011418416e-10	BR00117000	PLK1	shuffled	crispr	G09	293	Interphase
0.14403425088608435	6.773197234270607e-10	BR00117005	GJB4	shuffled	crispr	N01	1041	Interphase
0.21671789187282714	1.068924510408578e-09	BR00116997	KCNN1	shuffled	crispr	B24	445	Interphase
0.21208335361467612	5.240670796038631e-09	BR00117002	OPRM1	shuffled	crispr	P22	431	Interphase
0.21884879327627418	9.260907128355736e-09	BR00117000	AURKB	shuffled	crispr	C13	396	Interphase
0.08895106157609857	2.3982061546818463e-08	BR00117001	CACNA2D3	shuffled	crispr	O07	2289	Interphase
0.1328753956986782	7.941626238514109e-08	BR00118044	SSTR2	shuffled	crispr	P10	953	Interphase
0.08901475871264028	1.268322182772054e-07	BR00118041	AKT1	shuffled	crispr	J19	2080	Interphase
0.08808895235654174	2.64426771948676e-07	BR00117004	GPR119	shuffled	crispr	P21	2025	Interphase
0.1958041958041958	3.421035303304356e-17	BR00116996	OPRM1	shuffled	crispr	P22	1001	Large
0.1795061739282528	7.49962937418346e-17	BR00116996	ABL1	shuffled	crispr	P20	1166	Large
0.19234643147686625	4.283356930199325e-16	BR00116999	CACNA2D3	shuffled	crispr	N24	966	Large
0.23448787081583117	4.493665584568636e-16	BR00116996	TGFBR1	shuffled	crispr	P24	643	Large
0.23507272012578617	5.835713206310542e-16	BR00116996	GPR119	shuffled	crispr	P21	640	Large
0.1972261544936297	1.2720946377661006e-15	BR00116996	HIF1A	shuffled	crispr	M24	886	Large
0.27556251011708843	5.3158093826843264e-15	BR00116996	ADA	shuffled	crispr	O24	431	Large
0.20522128334628334	1.704290498515939e-13	BR00116996	CACNA2D3	shuffled	crispr	N24	702	Large
0.17797860653906308	2.6284535725228055e-13	BR00116996	HTR3A	shuffled	crispr	O20	928	Large
0.193454250374329	4.801263046962935e-13	BR00116996	S1PR1	shuffled	crispr	P23	766	Large
0.11670536113655243	4.354885392709841e-15	BR00117005	LPAR1	shuffled	crispr	L01	2470	Metaphase
0.10085285735569044	1.0312991445752033e-14	BR00117004	AKT1	shuffled	crispr	J19	3225	Metaphase
0.10364034215237716	2.8412802992042273e-13	BR00118041	LYN	shuffled	crispr	N13	2739	Metaphase
0.22740907982743452	1.4998911963767713e-12	BR00118044	AURKB	shuffled	crispr	C13	533	Metaphase
0.09572488223039993	2.1009373958781653e-10	BR00117005	PTK2B	shuffled	crispr	N15	2494	Metaphase
0.1982142857142857	4.907953158938926e-10	BR00118047	AURKB	shuffled	crispr	C13	560	Metaphase
0.08819645946923872	5.9915090025761e-10	BR00118041	MAPK8	shuffled	crispr	D07	2807	Metaphase
0.2346149800126236	6.367023749112324e-10	BR00116996	CCND1	shuffled	crispr	B23	388	Metaphase
0.08349463908166109	6.762611151017012e-10	BR00118041	UGT1A9	shuffled	crispr	J01	3112	Metaphase
0.09926609738014133	1.0392029108655316e-09	BR00117005	PLA2G1B	shuffled	crispr	J11	2152	Metaphase
0.18577602952602953	4.4193534243863594e-11	BR00116996	CACNA2D3	shuffled	crispr	N24	702	MetaphaseAlignment
0.14879834947305812	2.901920648143783e-08	BR00116997	HPGDS	shuffled	crispr	P14	803	MetaphaseAlignment
0.16615421475062891	3.85184397530727e-08	BR00116997	S1PR1	shuffled	crispr	P23	634	MetaphaseAlignment
0.09739900387382401	7.02279605278646e-08	BR00118044	HSD11B1	shuffled	crispr	O01	1807	MetaphaseAlignment
0.10797209248335965	1.500131872866879e-07	BR00116999	LPAR1	shuffled	crispr	B16	1402	MetaphaseAlignment
0.13114595565379566	1.8412348146507489e-07	BR00116997	PDE4D	shuffled	crispr	P06	930	MetaphaseAlignment
0.14847235899867478	3.3813419465354944e-07	BR00116999	TGFBR1	shuffled	crispr	B08	702	MetaphaseAlignment
0.0812595244379796	4.891804226636913e-07	BR00117001	CACNA2D3	shuffled	crispr	O07	2289	MetaphaseAlignment
0.09309888827195908	5.050953950186775e-07	BR00117001	LPAR1	shuffled	crispr	L01	1739	MetaphaseAlignment
0.09091802681150978	5.141366452498071e-07	BR00118043	GJB4	shuffled	crispr	N01	1829	MetaphaseAlignment
0.14788862546429268	5.4353495033427425e-24	BR00117005	LPAR1	shuffled	crispr	L01	2470	OutOfFocus
0.17335207252860366	2.746964833025131e-23	BR00118044	LPAR1	shuffled	crispr	L01	1740	OutOfFocus
0.15090480494446165	3.016724023850377e-23	BR00117001	CACNA2D3	shuffled	crispr	O07	2289	OutOfFocus
0.1478508182391947	2.2366718120196595e-22	BR00118044	PTK2B	shuffled	crispr	N15	2302	OutOfFocus
0.16342349384585014	9.42649905732557e-21	BR00117001	LPAR1	shuffled	crispr	L01	1739	OutOfFocus
0.16195943360122464	2.1437426586112222e-20	BR00118044	GJB4	shuffled	crispr	N01	1740	OutOfFocus
0.15439955727725513	3.3335585316213484e-19	BR00118044	HSD11B1	shuffled	crispr	O01	1807	OutOfFocus
0.16007105724568582	5.735619518127498e-19	BR00118044	CACNG1	shuffled	crispr	N23	1653	OutOfFocus
0.15809151812360628	1.954563337953849e-18	BR00118044	AKR1B1	shuffled	crispr	L21	1649	OutOfFocus
0.1574892699187346	2.166212378939488e-18	BR00117001	HPGDS	shuffled	crispr	P14	1659	OutOfFocus
0.08698711621891488	5.5359727140607274e-08	BR00117005	PDPK1	shuffled	crispr	N18	2282	Polylobed
0.11188922556849189	5.715651056521833e-08	BR00117000	S1PR1	shuffled	crispr	P23	1373	Polylobed
0.19866724221658663	6.10593973861959e-08	BR00116996	ADA	shuffled	crispr	O24	431	Polylobed
0.10429835651074588	6.54518393384992e-08	BR00116997	CDK2	shuffled	crispr	F08	1582	Polylobed
0.10015492616799807	7.341476100141344e-08	BR00118044	AKT1	shuffled	crispr	J19	1700	Polylobed
0.1553956834532374	9.728939191774991e-08	BR00118042	PPARD	shuffled	crispr	E05	695	Polylobed
0.09816116549867152	1.8564513333364291e-07	BR00118043	RGS4	shuffled	crispr	N11	1674	Polylobed
0.15138002415042262	2.6662232580603095e-07	BR00117002	PRKCB	shuffled	crispr	M03	680	Polylobed
0.17284851164161508	2.7093229963669675e-07	BR00116996	GAA	shuffled	crispr	L17	520	Polylobed
0.12070278886710209	3.1750744164358026e-07	BR00116999	ANXA1	shuffled	crispr	F24	1066	Polylobed
0.25281440357776236	1.2785728074575119e-11	BR00117000	AURKB	shuffled	crispr	C13	396	Prometaphase
0.41926536731634184	1.5257011950173678e-09	BR00117002	AURKB	shuffled	crispr	C13	115	Prometaphase
0.274984681372549	5.749781331498082e-09	BR00118041	AURKB	shuffled	crispr	C13	255	Prometaphase
0.2504958029702057	1.1869128834343454e-08	BR00117000	PLK1	shuffled	crispr	G09	293	Prometaphase
0.18492136681471116	1.8313532051338436e-08	BR00118044	AURKB	shuffled	crispr	C13	533	Prometaphase
0.14067717296330068	4.0020434504034575e-08	BR00116996	F10	shuffled	crispr	H07	889	Prometaphase
0.11069277108433735	1.6689167582931344e-07	BR00116996	CCR1	shuffled	crispr	G02	1328	Prometaphase
0.31713900134952766	2.29344901459605e-07	BR00118042	AURKB	shuffled	crispr	C13	152	Prometaphase
0.15142428785607195	4.349204865576027e-07	BR00116998	LCK	shuffled	crispr	O15	667	Prometaphase
0.26277421684571634	6.903381568668759e-07	BR00117003	AURKB	shuffled	crispr	C13	212	Prometaphase
0.28976796938764693	2.7584515937958454e-20	BR00118044	AURKB	shuffled	crispr	C13	533	SmallIrregular
0.4782882882882883	4.0180488433018456e-16	BR00117005	AURKB	shuffled	crispr	C13	150	SmallIrregular
0.2813054206183977	2.8024830689154382e-14	BR00117000	AURKB	shuffled	crispr	C13	396	SmallIrregular
0.3784192470885619	5.082696298231281e-14	BR00117003	AURKB	shuffled	crispr	C13	212	SmallIrregular
0.41346153846153844	2.603290784039161e-12	BR00118042	AURKB	shuffled	crispr	C13	152	SmallIrregular
0.1959756239769542	6.6575191751160836e-12	BR00117001	AURKB	shuffled	crispr	C13	682	SmallIrregular
0.10253663140199594	9.693879389661862e-12	BR00117005	LPAR1	shuffled	crispr	L01	2470	SmallIrregular
0.3714689265536723	1.823638239155501e-11	BR00117004	AURKB	shuffled	crispr	C13	176	SmallIrregular
0.10491887797741413	2.1749152826051764e-11	BR00117005	PDPK1	shuffled	crispr	N18	2282	SmallIrregular
0.23193133321271592	9.200334484886519e-11	BR00118046	AURKB	shuffled	crispr	C13	434	SmallIrregular
0.5048181388757675	2.6756339500922254e-17	BR00118049	P3H1	shuffled	orf	P24	145	ADCCM
0.12039809026249107	1.9767485426512163e-07	BR00117023	DHH	shuffled	orf	G05	1108	ADCCM
0.12295081967213115	7.594001712726715e-07	BR00117023	TUBB3	shuffled	orf	G06	976	ADCCM
0.11770107832355817	1.2422324216386435e-06	BR00117023	TUBB3	shuffled	orf	K05	1024	ADCCM
0.12047432921044232	1.70770004171552e-06	BR00117023	SLC7A11	shuffled	orf	A03	956	ADCCM
0.12071005917159763	8.788918280405428e-06	BR00117023	TUBB4B	shuffled	orf	E04	845	ADCCM
0.10486258768356417	2.2546691956969442e-05	BR00117023	GRIN2A	shuffled	orf	A05	1029	ADCCM
0.09827191731578173	0.00010598488108440958	BR00117023	CDK7	shuffled	orf	K06	1003	ADCCM
0.09879215353877822	0.00011418713785863532	BR00118050	KCTD16	shuffled	orf	K21	995	ADCCM
0.12348302190074342	0.00011755431544908681	BR00118039	CYP2A6	shuffled	orf	A15	630	ADCCM
0.4903637222484648	2.6283237787284366e-16	BR00118049	P3H1	shuffled	orf	P24	145	Anaphase
0.202831965319973	4.1890945738662685e-10	BR00118040	LYN	shuffled	orf	C20	530	Anaphase
0.13503174742938764	2.696826136607913e-09	BR00117023	DHH	shuffled	orf	G05	1108	Anaphase
0.15775304634567328	6.643755644078452e-08	BR00118039	LYN	shuffled	orf	M05	681	Anaphase
0.23602180598266703	1.0602706869971965e-07	BR00118049	PRKCE	shuffled	orf	J19	294	Anaphase
0.14680270958605895	1.3384617821736912e-07	BR00117023	PTK2B	shuffled	orf	N19	754	Anaphase
0.21710914454277286	1.4285043027401366e-07	BR00118049	FLT3	shuffled	orf	E14	340	Anaphase
0.13386968117147702	2.152385717873523e-07	BR00118040	HSP90AB1	shuffled	orf	P01	889	Anaphase
0.15241488347916488	2.1531638328225206e-07	BR00118039	LYN	shuffled	orf	C20	680	Anaphase
0.09944410129709698	2.1797657413223114e-07	BR00118050	ALDH2	shuffled	orf	P13	1619	Anaphase
0.39401462305838464	3.6050519160499166e-77	BR00117023	DHH	shuffled	orf	G05	1108	Apoptosis
0.3902926971156448	2.6429033224141644e-74	BR00117023	CDC25A	shuffled	orf	M04	1088	Apoptosis
0.38391959798994973	9.51190191905984e-66	BR00117023	HRH4	shuffled	orf	O06	995	Apoptosis
0.3580461934350091	6.418249863582889e-65	BR00117023	ADH1C	shuffled	orf	O04	1128	Apoptosis
0.36579091061827956	2.6080890496226922e-61	BR00117023	TUBB3	shuffled	orf	K05	1024	Apoptosis
0.3759798970807483	6.974619254986122e-61	BR00117023	SLC7A11	shuffled	orf	A03	956	Apoptosis
0.35096703864464135	1.2091412822543576e-56	BR00117023	GRIN2A	shuffled	orf	A05	1029	Apoptosis
0.3319672131147541	5.207494543146733e-48	BR00117023	TUBB3	shuffled	orf	G06	976	Apoptosis
0.3214668742775657	1.642354087415802e-46	BR00117023	CDK7	shuffled	orf	K06	1003	Apoptosis
0.3230769230769231	2.1102363095252084e-39	BR00117023	TUBB4B	shuffled	orf	E04	845	Apoptosis
0.21787128653879	1.9564140554425477e-21	BR00117023	CDK7	shuffled	orf	K06	1003	Binuclear
0.2020100502512563	3.5812532469203006e-18	BR00117023	HRH4	shuffled	orf	O06	995	Binuclear
0.18875133370991026	4.166844720562786e-18	BR00117023	ADH1C	shuffled	orf	O04	1128	Binuclear
0.1864146439298328	2.884111857128259e-17	BR00117023	DHH	shuffled	orf	G05	1108	Binuclear
0.2001875631222046	3.1004115418881465e-17	BR00117023	SLC7A11	shuffled	orf	A03	956	Binuclear
0.19774590163934427	4.218028448631549e-17	BR00117023	TUBB3	shuffled	orf	G06	976	Binuclear
0.19157196889049125	5.882847211413781e-17	BR00117023	GRIN2A	shuffled	orf	A05	1029	Binuclear
0.1851048921676442	8.957938828914123e-16	BR00117023	TUBB3	shuffled	orf	K05	1024	Binuclear
0.18698224852071005	2.526263874962247e-13	BR00117023	TUBB4B	shuffled	orf	E04	845	Binuclear
0.1464643987769901	1.2867024824467289e-10	BR00117023	CDC25A	shuffled	orf	M04	1088	Binuclear
0.46953235710911667	6.0369999564344356e-15	BR00118049	P3H1	shuffled	orf	P24	145	Elongated
0.15126092897511406	1.528951862831136e-11	BR00117023	DHH	shuffled	orf	G05	1108	Elongated
0.14577273526705992	1.4417647953286471e-10	BR00117023	CDC25A	shuffled	orf	M04	1088	Elongated
0.15175879396984926	2.0673868797219163e-10	BR00117023	HRH4	shuffled	orf	O06	995	Elongated
0.13931527981427175	3.5977696796655766e-09	BR00117023	TUBB3	shuffled	orf	K05	1024	Elongated
0.1275777524808783	8.83709736773533e-08	BR00117023	GRIN2A	shuffled	orf	A05	1029	Elongated
0.09281267685342388	4.818005000085818e-07	BR00117006	ALDH2	shuffled	orf	P13	1767	Elongated
0.11422833113663466	7.060694641093839e-07	BR00117023	ADH1C	shuffled	orf	O04	1128	Elongated
0.1238605212418515	7.483102220723077e-07	BR00117023	SLC7A11	shuffled	orf	A03	956	Elongated
0.12192622950819672	9.711815492588658e-07	BR00117023	TUBB3	shuffled	orf	G06	976	Elongated
0.45630609352857815	4.402079764300505e-14	BR00118049	P3H1	shuffled	orf	P24	145	Grape
0.21724052162171767	2.008176908745921e-11	BR00118040	LYN	shuffled	orf	C20	530	Grape
0.11310704157591486	3.3381494552235987e-10	BR00117006	PTK2B	shuffled	orf	N19	1745	Grape
0.10640503098159039	6.886569522820737e-10	BR00117006	GPR119	shuffled	orf	N23	1912	Grape
0.1006111894687353	8.643584178959949e-10	BR00118050	TBXAS1	shuffled	orf	P23	2127	Grape
0.11111942050300903	1.3020106279140027e-09	BR00117006	AURKB	shuffled	orf	L19	1698	Grape
0.10822393725015447	1.5811762949655283e-09	BR00117006	HTR3A	shuffled	orf	J23	1782	Grape
0.10365474325925951	2.666441527047538e-09	BR00118050	AURKB	shuffled	orf	L19	1886	Grape
0.10287846481876332	4.6228634818573994e-09	BR00118050	ITGB2	shuffled	orf	P21	1876	Grape
0.10055539055539056	6.160756636489775e-09	BR00117006	HDAC3	shuffled	orf	N21	1924	Grape
0.1691569904997634	8.529922351472483e-09	BR00118049	JAK1	shuffled	orf	H17	664	Hole
0.1371374947024278	1.2113037867455801e-08	BR00118050	KCTD16	shuffled	orf	K21	995	Hole
0.17585996829418565	9.262036231149424e-08	BR00118040	HDAC3	shuffled	orf	N21	537	Hole
0.12088803938076927	5.04944674572077e-07	BR00117021	USP1	shuffled	orf	G11	1026	Hole
0.12882207978170956	5.393979072172289e-07	BR00117006	DNMT3A	shuffled	orf	F04	899	Hole
0.1036065858449917	5.783305697018395e-07	BR00117006	KDR	shuffled	orf	O02	1389	Hole
0.13317763655707207	5.903627274910176e-07	BR00117006	CA5A	shuffled	orf	B23	836	Hole
0.09982198857905109	7.263181669347616e-07	BR00117006	SSTR2	shuffled	orf	D02	1478	Hole
0.11565003510435992	1.6552324969061713e-06	BR00117020	EZH2	shuffled	orf	D03	1039	Hole
0.09897990651979163	2.4265590535381253e-06	BR00117006	KCNQ2	shuffled	orf	K01	1383	Hole
0.1670353982300885	3.175409706293086e-14	BR00117023	ADH1C	shuffled	orf	O04	1128	Interphase
0.1567419256175696	3.359995768503697e-11	BR00117023	CDK7	shuffled	orf	K06	1003	Interphase
0.15108176014174	1.0246978043545375e-10	BR00117023	TUBB3	shuffled	orf	K05	1024	Interphase
0.1668639053254438	1.0995308551638327e-10	BR00117023	TUBB4B	shuffled	orf	E04	845	Interphase
0.15964936300224822	1.1178259746192458e-10	BR00117023	KCNN4	shuffled	orf	A06	913	Interphase
0.1415100492761847	3.5079527989757626e-10	BR00117023	DHH	shuffled	orf	G05	1108	Interphase
0.15197968721991229	4.4957101173288696e-10	BR00117023	SLC7A11	shuffled	orf	A03	956	Interphase
0.15061475409836064	4.506951930882218e-10	BR00117023	TUBB3	shuffled	orf	G06	976	Interphase
0.14523132942146116	5.878493904237629e-10	BR00117023	GRIN2A	shuffled	orf	A05	1029	Interphase
0.12940533849234265	1.933399976625499e-08	BR00117023	CDC25A	shuffled	orf	M04	1088	Interphase
0.18740383516357914	7.861312695787352e-11	BR00117022	PTK2B	shuffled	orf	J18	673	Large
0.18725204875166523	1.8373745052311995e-08	BR00117023	HSD11B1	shuffled	orf	C02	523	Large
0.12902061123437417	2.5050482482665887e-08	BR00117023	CDC25A	shuffled	orf	M04	1088	Large
0.11744906067296955	2.80534940430651e-08	BR00117006	TUBB3	shuffled	orf	G06	1301	Large
0.23241025436249652	4.8557396674151746e-08	BR00118049	AURKB	shuffled	orf	L19	317	Large
0.12964824120603016	1.0490884415009016e-07	BR00117023	HRH4	shuffled	orf	O06	995	Large
0.15924657534246575	7.035073392873988e-07	BR00118049	CLK1	shuffled	orf	J17	584	Large
0.11207588837582814	7.439416393494174e-07	BR00117006	CSF1R	shuffled	orf	D14	1172	Large
0.1071946645470578	8.13988530014699e-07	BR00117006	MAPK8	shuffled	orf	I14	1270	Large
0.10850202429149798	9.480417199319965e-07	BR00117006	SCNN1G	shuffled	orf	A04	1235	Large
0.4771846953235711	2.0404548808101303e-15	BR00118049	P3H1	shuffled	orf	P24	145	Metaphase
0.19510443155650714	1.8013688211755552e-11	BR00117023	PTK2B	shuffled	orf	J18	659	Metaphase
0.10367623417839185	2.186226889450159e-09	BR00117006	GPR119	shuffled	orf	N23	1912	Metaphase
0.09715916402960255	3.458778281557801e-08	BR00118050	AURKB	shuffled	orf	L19	1886	Metaphase
0.09105960264900662	5.869313700154641e-07	BR00117006	ASIC1	shuffled	orf	L21	1812	Metaphase
0.0932740872936244	8.774987032911213e-07	BR00118050	PDE7A	shuffled	orf	J11	1676	Metaphase
0.0903604816895462	1.1420939711072529e-06	BR00117006	PTK2B	shuffled	orf	N19	1745	Metaphase
0.0844272380780889	2.0456431884850648e-06	BR00118050	S1PR1	shuffled	orf	L01	1915	Metaphase
0.13499499213049077	3.2999429660820556e-06	BR00117022	ABL1	shuffled	orf	C01	725	Metaphase
0.1071950675517514	8.58464762575162e-06	BR00117023	KCNQ2	shuffled	orf	K02	1063	Metaphase
0.49759093056211623	8.817248417549367e-17	BR00118049	P3H1	shuffled	orf	P24	145	MetaphaseAlignment
0.23844344061735367	5.671693577180593e-12	BR00118049	PTK2B	shuffled	orf	J18	460	MetaphaseAlignment
0.301403743315508	1.8146507762455268e-11	BR00118049	TGFBR1	shuffled	orf	I23	275	MetaphaseAlignment
0.2805921052631579	1.9880087996228777e-10	BR00118049	PDE7A	shuffled	orf	J11	288	MetaphaseAlignment
0.14796974279081135	3.1904342826935193e-10	BR00117023	TUBB3	shuffled	orf	K05	1024	MetaphaseAlignment
0.1934931506849315	5.667910901201311e-10	BR00118049	CLK1	shuffled	orf	J17	584	MetaphaseAlignment
0.23571792817075837	1.788164497395233e-09	BR00118049	AKT1	shuffled	orf	F15	370	MetaphaseAlignment
0.2398230088495575	5.114166461758306e-09	BR00118049	FLT3	shuffled	orf	E14	340	MetaphaseAlignment
0.13705178830469453	7.131868171719886e-09	BR00117023	GRIN2A	shuffled	orf	A05	1029	MetaphaseAlignment
0.13815128320218628	7.270846898858173e-09	BR00117023	CDK7	shuffled	orf	K06	1003	MetaphaseAlignment
0.5666981577704299	5.877559832277211e-22	BR00118049	P3H1	shuffled	orf	P24	145	OutOfFocus
0.13410596026490065	1.2869491454271871e-14	BR00117006	ASIC1	shuffled	orf	L21	1812	OutOfFocus
0.12213723761884661	6.253777993626058e-13	BR00117006	GPR119	shuffled	orf	N23	1912	OutOfFocus
0.12847436689314393	4.645122338601568e-12	BR00118050	ALDH2	shuffled	orf	P13	1619	OutOfFocus
0.12229914626918373	4.7717939279646865e-12	BR00117006	HTR3A	shuffled	orf	J23	1782	OutOfFocus
0.5740049751243781	3.677343273105872e-11	BR00118049	EZH2	shuffled	orf	D04	72	OutOfFocus
0.1177136389360498	4.424959637513046e-11	BR00117006	ALDH2	shuffled	orf	P13	1767	OutOfFocus
0.12016908212560387	7.272672306422153e-11	BR00117006	JAK1	shuffled	orf	H17	1656	OutOfFocus
0.10980127980127981	1.543553157349225e-10	BR00117006	HDAC3	shuffled	orf	N21	1924	OutOfFocus
0.10939288924634527	4.5763462066723056e-10	BR00117006	PDPK1	shuffled	orf	H15	1838	OutOfFocus
0.4221067548417572	4.684413483944684e-12	BR00118049	P3H1	shuffled	orf	P24	145	Polylobed
0.11222074112098206	7.473167777142091e-08	BR00117006	S100B	shuffled	orf	I09	1347	Polylobed
0.17638787595904198	4.063082302981986e-06	BR00118039	IGF1R	shuffled	orf	H05	413	Polylobed
0.09774957152437964	9.641580495473538e-06	BR00117006	MAPK8	shuffled	orf	I14	1270	Polylobed
0.10674157303370786	1.0202498714333173e-05	BR00117021	HPGDS	shuffled	orf	O24	1068	Polylobed
0.12198221092757307	1.6064998966924702e-05	BR00118039	EZH2	shuffled	orf	D04	787	Polylobed
0.09053392024402585	2.024679899826389e-05	BR00117006	KDR	shuffled	orf	O02	1389	Polylobed
0.0937984496124031	2.326060797570883e-05	BR00118039	ERBB2	shuffled	orf	I20	1290	Polylobed
0.13616897728097554	2.6072717095025514e-05	BR00118049	DNMT3A	shuffled	orf	F04	599	Polylobed
0.11361071690558949	2.8636437545214028e-05	BR00117021	S100B	shuffled	orf	I09	855	Polylobed
0.15947739507543177	7.1203447990110756e-12	BR00117023	GRIN2A	shuffled	orf	A05	1029	Prometaphase
0.15999114211151405	1.0141193897286181e-11	BR00117023	CDK7	shuffled	orf	K06	1003	Prometaphase
0.15473313019305962	3.9838593554093044e-11	BR00117023	TUBB3	shuffled	orf	K05	1024	Prometaphase
0.14616519174041298	5.347625809176671e-11	BR00117023	ADH1C	shuffled	orf	O04	1128	Prometaphase
0.14754098360655737	1.1093247674906415e-09	BR00117023	TUBB3	shuffled	orf	G06	976	Prometaphase
0.14159266886146124	8.299754253146425e-09	BR00117023	SLC7A11	shuffled	orf	A03	956	Prometaphase
0.14419400088391846	8.794437428516899e-09	BR00117023	KCNN4	shuffled	orf	A06	913	Prometaphase
0.16005524721512	7.291621012449109e-08	BR00117023	PTK2B	shuffled	orf	J18	659	Prometaphase
0.13609467455621302	3.0679943860551087e-07	BR00117023	TUBB4B	shuffled	orf	E04	845	Prometaphase
0.11256281407035176	6.561620259852492e-06	BR00117023	HRH4	shuffled	orf	O06	995	Prometaphase
0.3409554883755817	1.0027144313632831e-57	BR00117023	DHH	shuffled	orf	G05	1108	SmallIrregular
0.25939714687194526	9.4667031150191e-31	BR00117023	TUBB3	shuffled	orf	K05	1024	SmallIrregular
0.24975140700254342	2.2077118457811057e-30	BR00117023	CDC25A	shuffled	orf	M04	1088	SmallIrregular
0.2552763819095477	6.947214755831285e-29	BR00117023	HRH4	shuffled	orf	O06	995	SmallIrregular
0.2308591262349981	1.4615325507107073e-24	BR00117023	GRIN2A	shuffled	orf	A05	1029	SmallIrregular
0.2203320153141279	1.838488607037966e-24	BR00117023	ADH1C	shuffled	orf	O04	1128	SmallIrregular
0.23668032786885246	2.200338619469831e-24	BR00117023	TUBB3	shuffled	orf	G06	976	SmallIrregular
0.2325722037076023	3.151073617251719e-24	BR00117023	CDK7	shuffled	orf	K06	1003	SmallIrregular
0.23910614525139665	7.495042870889358e-23	BR00117023	GABRB2	shuffled	orf	C06	895	SmallIrregular
0.21885424727727426	1.6639217809933714e-20	BR00117023	SLC7A11	shuffled	orf	A03	956	SmallIrregular
