Model_Type	Mitocheck_Phenotypic_Class	Model_Feature_Type	Model_Balance_Type	Average_Rank	Average_P_Value	Min_IQR_Rank	Max_IQR_Rank	Min_IQR_P_Value	Max_IQR_P_Value	Count
final	ADCCM	CP	balanced	2.0526315789473686	0.5211342101876913	1.0	3.0	0.0946140001493571	0.8737034217472599	95
final	ADCCM	CP	unbalanced	2.263157894736842	0.4347019627630367	1.0	3.0	0.03991696868571505	0.740536676233918	95
final	ADCCM	CP_and_DP	balanced	2.0842105263157893	0.5634536771706767	1.0	2.0	0.12579660312797256	0.921281221128118	95
final	ADCCM	CP_and_DP	unbalanced	2.2526315789473683	0.49607283313712114	1.0	3.0	0.0909810130982412	0.8251557330596422	95
final	ADCCM	CP_areashape_only	balanced	3.9894736842105263	0.19254012136757515	1.0	5.0	0.04735219122888275	0.3174962140277062	95
final	ADCCM	CP_areashape_only	unbalanced	5.389473684210526	0.11302127245943999	3.0	7.5	0.01990527165198265	0.15854077072454503	95
final	ADCCM	CP_zernike_only	balanced	4.673684210526316	0.1506649069382096	2.0	7.0	0.037513982944256646	0.19990908714523686	95
final	ADCCM	CP_zernike_only	unbalanced	6.4526315789473685	0.08506375351693729	4.0	9.0	0.01544311499649025	0.1168862288212601	95
final	ADCCM	DP	balanced	2.610526315789474	0.5118596814471161	1.0	3.0	0.07090705219972321	0.9308827053459481	95
final	ADCCM	DP	unbalanced	2.705263157894737	0.44619382994810736	1.0	3.0	0.0689979354578983	0.8058845855176004	95
final	Anaphase	CP	balanced	6.761904761904762	0.297425932978015	1.0	13.0	5.1941607953516945e-05	0.7275478297906156	84
final	Anaphase	CP	unbalanced	6.714285714285714	0.2702808420532919	1.0	12.0	9.443159329989546e-05	0.655247201756364	84
final	Anaphase	CP_and_DP	balanced	6.738095238095238	0.2970254151057213	1.0	13.0	0.000433368910233	0.7814932634873585	84
final	Anaphase	CP_and_DP	unbalanced	6.607142857142857	0.27806836767635607	1.0	12.25	0.000515677417195775	0.694951039221164	84
final	Anaphase	CP_areashape_only	balanced	7.7976190476190474	0.24764323710804792	1.0	15.0	0.00103890721895885	0.5785449847594197	84
final	Anaphase	CP_areashape_only	unbalanced	8.023809523809524	0.1846135487381028	1.0	14.0	0.00120398226686445	0.3510041291673104	84
final	Anaphase	CP_zernike_only	balanced	6.5476190476190474	0.18928620744937918	1.0	11.0	0.0112812930323014	0.23532822287969712	84
final	Anaphase	CP_zernike_only	unbalanced	8.19047619047619	0.13374316283376775	3.0	12.25	0.003371134805683575	0.12429628791038033	84
final	Anaphase	DP	balanced	6.488095238095238	0.24362202146315698	1.0	11.0	0.000243859307532475	0.4488878752641001	84
final	Anaphase	DP	unbalanced	6.333333333333333	0.2237394266771379	1.0	10.25	0.00079387356146395	0.39378208051519636	84
final	Apoptosis	CP	balanced	4.443223443223443	0.35057348648282227	1.0	7.0	0.0048439343673405	0.7351679097332794	273
final	Apoptosis	CP	unbalanced	4.336996336996337	0.37908020608469806	1.0	6.0	0.0047586553975621	0.823178672974805	273
final	Apoptosis	CP_and_DP	balanced	3.73992673992674	0.428155634179668	1.0	5.0	0.0090823681033976	0.9351195773527268	273
final	Apoptosis	CP_and_DP	unbalanced	3.7985347985347984	0.43995885791520467	1.0	5.0	0.0069235214610816	0.9549294221132149	273
final	Apoptosis	CP_areashape_only	balanced	4.78021978021978	0.12607304346962186	2.0	7.0	0.0278335202105874	0.1801205689816434	273
final	Apoptosis	CP_areashape_only	unbalanced	4.073260073260073	0.1864839154352145	1.0	6.0	0.0321087778509676	0.293882692555043	273
final	Apoptosis	CP_zernike_only	balanced	4.930402930402931	0.10963483943136211	2.0	7.0	0.0318645662012092	0.1470205424560068	273
final	Apoptosis	CP_zernike_only	unbalanced	4.095238095238095	0.15599703623095115	2.0	6.0	0.0376495954155563	0.2139711969240596	273
final	Apoptosis	DP	balanced	3.600732600732601	0.41080789171429105	1.0	5.0	0.0048670247666861	0.9335664203874512	273
final	Apoptosis	DP	unbalanced	3.681318681318681	0.4073728878810171	1.0	5.0	0.0060269254147391	0.918020168529714	273
final	Binuclear	CP	balanced	4.4021739130434785	0.36787481565419294	1.0	5.0	0.003139325322343725	0.7821739197254184	184
final	Binuclear	CP	unbalanced	4.385869565217392	0.33291185588095096	1.0	4.25	0.003603286417450625	0.705928850706643	184
final	Binuclear	CP_and_DP	balanced	4.4021739130434785	0.3482063151016752	1.0	5.0	0.005423098375371625	0.6904091113594819	184
final	Binuclear	CP_and_DP	unbalanced	4.413043478260869	0.3184585728324772	1.0	5.0	0.003076837824106675	0.6540498768682218	184
final	Binuclear	CP_areashape_only	balanced	4.059782608695652	0.15611458202916467	1.75	6.0	0.029905482666811974	0.24571138144932647	184
final	Binuclear	CP_areashape_only	unbalanced	4.385869565217392	0.1288550917488161	2.0	6.0	0.0202787951933415	0.19639525200546679	184
final	Binuclear	CP_zernike_only	balanced	4.820652173913044	0.11621341039692719	2.0	7.0	0.035673632257700524	0.17180606923975106	184
final	Binuclear	CP_zernike_only	unbalanced	4.940217391304348	0.09898304458074073	3.0	7.0	0.02854680965605955	0.14624854089498768	184
final	Binuclear	DP	balanced	4.173913043478261	0.31735559365039007	1.0	5.0	0.003979677116059525	0.6028609866654815	184
final	Binuclear	DP	unbalanced	4.282608695652174	0.28014225563996403	1.0	5.0	0.00454867913841945	0.4711354310950646	184
final	Elongated	CP	balanced	3.3363636363636364	0.6538675286558074	1.0	5.75	0.006217331638116275	0.9917832285234776	110
final	Elongated	CP	unbalanced	3.4363636363636365	0.6289932222652874	1.0	5.0	0.005028462031980675	0.9863411287518988	110
final	Elongated	CP_and_DP	balanced	2.881818181818182	0.6284091933652557	1.0	3.75	0.0438006178449296	0.9936670400989296	110
final	Elongated	CP_and_DP	unbalanced	2.909090909090909	0.593133972686637	1.0	3.0	0.02978441802592275	0.9880589569437843	110
final	Elongated	CP_areashape_only	balanced	4.263636363636364	0.5687495423308782	1.0	8.75	0.01556526181074405	0.9577875110965891	110
final	Elongated	CP_areashape_only	unbalanced	4.318181818181818	0.5609928975510017	1.0	9.0	0.013974677780823425	0.954646128147163	110
final	Elongated	CP_zernike_only	balanced	4.927272727272728	0.5223807086113645	1.0	11.0	0.0066396753617658	0.9256883371954597	110
final	Elongated	CP_zernike_only	unbalanced	4.972727272727273	0.5076358857456579	1.0	11.0	0.0050819755574566	0.9111986412973572	110
final	Elongated	DP	balanced	3.0545454545454547	0.5632421155990412	1.0	5.0	0.0147310758690268	0.9959319196509523	110
final	Elongated	DP	unbalanced	2.9909090909090907	0.5261586855078849	1.0	4.0	0.015176264729504724	0.9865483951968639	110
final	Grape	CP	balanced	2.4324324324324325	0.5801188796364221	1.0	2.75	0.1915568597118424	0.9262035321239711	74
final	Grape	CP	unbalanced	2.5945945945945947	0.44734570223603537	1.0	3.0	0.09514407846833048	0.7314643440265027	74
final	Grape	CP_and_DP	balanced	2.5	0.5895821430731091	1.0	2.0	0.20840273110297727	0.9692844601725902	74
final	Grape	CP_and_DP	unbalanced	2.554054054054054	0.47662638451113837	1.0	2.0	0.0882226866418335	0.9035020322532835	74
final	Grape	CP_areashape_only	balanced	3.7432432432432434	0.2842894201966707	1.0	5.0	0.0631893992990944	0.4857167692509409	74
final	Grape	CP_areashape_only	unbalanced	4.864864864864865	0.11536241515196945	2.0	7.0	0.025018127257093577	0.1817962941106357	74
final	Grape	CP_zernike_only	balanced	4.594594594594595	0.22874009028463393	1.0	6.75	0.0500919855651163	0.3845133158344363	74
final	Grape	CP_zernike_only	unbalanced	5.851351351351352	0.0933064141388148	2.0	9.0	0.015342855839934826	0.14542871092030052	74
final	Grape	DP	balanced	2.9054054054054053	0.5213470805130669	1.0	2.75	0.044004317692968	0.9272298092503862	74
final	Grape	DP	unbalanced	3.0	0.4137585493081148	1.0	2.75	0.0525315466209757	0.7600723879725966	74
final	Hole	CP	balanced	3.245614035087719	0.4988362587005547	1.0	4.0	0.0182551846786492	0.947032417521819	114
final	Hole	CP	unbalanced	3.4298245614035086	0.4383052070601286	1.0	5.0	0.015550073220108051	0.8446672277401516	114
final	Hole	CP_and_DP	balanced	2.780701754385965	0.580149727338981	1.0	4.0	0.022805195232809924	0.9809789658408722	114
final	Hole	CP_and_DP	unbalanced	2.7982456140350878	0.5456467470338106	1.0	4.0	0.02020463698325215	0.963050786377094	114
final	Hole	CP_areashape_only	balanced	4.2631578947368425	0.17937838016943933	2.0	7.0	0.05316427545144935	0.280073421637387	114
final	Hole	CP_areashape_only	unbalanced	5.587719298245614	0.09866148579871636	3.0	8.0	0.01835244277443345	0.13549604439936772	114
final	Hole	CP_zernike_only	balanced	4.833333333333333	0.15661165305531363	2.0	7.0	0.0441526027124141	0.22928978084025964	114
final	Hole	CP_zernike_only	unbalanced	6.043859649122807	0.09022568109431171	3.0	9.0	0.02168049703813055	0.1260228944304781	114
final	Hole	DP	balanced	2.7719298245614037	0.49555710414539333	1.0	3.0	0.011474846076725526	0.9558076886453075	114
final	Hole	DP	unbalanced	2.8508771929824563	0.45903914090157566	1.0	3.75	0.01444412203251165	0.9147749949920367	114
final	Interphase	CP	balanced	5.354761904761904	0.27378237339542555	1.0	9.25	0.00025625026367745	0.5903299006810776	420
final	Interphase	CP	unbalanced	4.880952380952381	0.35559516847565065	1.0	9.0	0.00028785238266282505	0.7982211047755633	420
final	Interphase	CP_and_DP	balanced	5.2976190476190474	0.27983808593026543	1.0	9.0	0.001044057167365125	0.6181442555941137	420
final	Interphase	CP_and_DP	unbalanced	5.223809523809524	0.3347457779765925	1.0	9.0	0.000863450492317075	0.7697075801186866	420
final	Interphase	CP_areashape_only	balanced	5.264285714285714	0.1408734291586201	2.0	9.0	0.014101166378706525	0.22911754608215162	420
final	Interphase	CP_areashape_only	unbalanced	4.171428571428572	0.23348718164736101	1.0	7.0	0.02048919493147215	0.40367798503074676	420
final	Interphase	CP_zernike_only	balanced	5.497619047619048	0.09766982307205148	2.0	9.0	0.02303099928680675	0.16076352843643488	420
final	Interphase	CP_zernike_only	unbalanced	3.730952380952381	0.19105145006079813	1.0	6.0	0.040140289800694874	0.30779163876775584	420
final	Interphase	DP	balanced	4.621428571428571	0.25940043678466385	1.0	6.0	0.001220740743161475	0.49968203007425793	420
final	Interphase	DP	unbalanced	4.623809523809523	0.3022407716788329	1.0	7.0	0.0021610979454459753	0.6431836067063876	420
final	Large	CP	balanced	4.7974683544303796	0.43575206200268457	1.0	8.0	0.0007189767993945	0.9845341981108939	79
final	Large	CP	unbalanced	4.89873417721519	0.38480693692180296	1.0	8.0	0.00048123289820835	0.9303257353610606	79
final	Large	CP_and_DP	balanced	4.6835443037974684	0.3882284823290817	1.0	9.5	0.000921110447225	0.9310086914691689	79
final	Large	CP_and_DP	unbalanced	4.822784810126582	0.33809666098714797	1.0	10.0	0.00089089155538495	0.8729742300486549	79
final	Large	CP_areashape_only	balanced	5.924050632911392	0.27839894532916376	1.0	12.5	0.00309162123253375	0.538447986508415	79
final	Large	CP_areashape_only	unbalanced	6.367088607594937	0.1516086171436821	2.0	12.5	0.0010106195112369	0.2630693983333525	79
final	Large	CP_zernike_only	balanced	5.253164556962025	0.0953543474402598	2.0	7.5	0.029405586938645548	0.14691739676002763	79
final	Large	CP_zernike_only	unbalanced	7.708860759493671	0.03641450486461349	5.5	10.0	0.008505780038889951	0.05366429914076465	79
final	Large	DP	balanced	4.987341772151899	0.34204321577294644	1.0	9.0	0.0010560339203037	0.878152099284052	79
final	Large	DP	unbalanced	5.0	0.3022558545358185	1.0	8.5	0.0016260897687653	0.7354550750683917	79
final	Metaphase	CP	balanced	6.175675675675675	0.2557024924063322	1.0	10.0	0.0008775885110831	0.4863793261300396	74
final	Metaphase	CP	unbalanced	6.405405405405405	0.22491133421213946	2.0	10.75	0.000441831538696375	0.2945057329455094	74
final	Metaphase	CP_and_DP	balanced	5.743243243243243	0.24125299098616543	1.0	9.0	0.0007853665872807	0.3838321175948948	74
final	Metaphase	CP_and_DP	unbalanced	5.702702702702703	0.213856526207341	2.0	9.0	0.000969167780196625	0.2837208708876884	74
final	Metaphase	CP_areashape_only	balanced	8.013513513513514	0.19430379121235725	1.25	14.0	0.0006894888795355749	0.3187706008010725	74
final	Metaphase	CP_areashape_only	unbalanced	8.175675675675675	0.1539941785294011	2.0	14.0	0.000607505551488925	0.20308227558477876	74
final	Metaphase	CP_zernike_only	balanced	8.08108108108108	0.15947669532597186	2.0	14.0	0.003070807568390975	0.3031277457768914	74
final	Metaphase	CP_zernike_only	unbalanced	8.337837837837839	0.11731739476518899	2.0	14.0	0.001589861427839	0.1567011146820129	74
final	Metaphase	DP	balanced	6.45945945945946	0.20097780657756065	2.0	10.0	6.315808272561976e-05	0.22149684741137338	74
final	Metaphase	DP	unbalanced	6.202702702702703	0.17842430767654563	2.0	9.0	0.00018661474645435	0.2121008504957944	74
final	MetaphaseAlignment	CP	balanced	3.954285714285714	0.24115596010374676	1.0	5.5	0.0054420054144265	0.4079829614815297	175
final	MetaphaseAlignment	CP	unbalanced	4.034285714285715	0.23311377379985954	2.0	6.0	0.00494538875450655	0.39169100593375145	175
final	MetaphaseAlignment	CP_and_DP	balanced	3.68	0.3005587459022658	1.0	5.0	0.0074034442170163	0.5985861854234273	175
final	MetaphaseAlignment	CP_and_DP	unbalanced	3.6857142857142855	0.29101316936252614	1.0	5.0	0.0071285257109505	0.543634787402455	175
final	MetaphaseAlignment	CP_areashape_only	balanced	4.525714285714286	0.130086443759752	2.0	6.0	0.03581102939738965	0.17053906476766534	175
final	MetaphaseAlignment	CP_areashape_only	unbalanced	4.777142857142858	0.1158520214495533	3.0	6.0	0.02669878213926035	0.1631150567514665	175
final	MetaphaseAlignment	CP_zernike_only	balanced	5.137142857142857	0.12146930692982442	2.5	8.0	0.034214209405343005	0.15229613334830933	175
final	MetaphaseAlignment	CP_zernike_only	unbalanced	5.16	0.1117704614020816	3.0	7.0	0.02966240507486665	0.1403767426324295	175
final	MetaphaseAlignment	DP	balanced	3.9828571428571427	0.3057531204356511	1.0	6.0	0.0025811482160307	0.6444701340284782	175
final	MetaphaseAlignment	DP	unbalanced	4.04	0.2871567200509503	1.0	6.0	0.00475482845623885	0.5705315054624422	175
final	OutOfFocus	CP	balanced	1.1085526315789473	0.9125531067301814	1.0	1.0	0.9716248325003328	0.9987157912827347	304
final	OutOfFocus	CP	unbalanced	1.0855263157894737	0.9213723877927004	1.0	1.0	0.9818148010948586	0.9994443675844802	304
final	OutOfFocus	CP_and_DP	balanced	1.075657894736842	0.9133781005677182	1.0	1.0	0.9868597466813813	0.9998075370387111	304
final	OutOfFocus	CP_and_DP	unbalanced	1.0723684210526316	0.9178946634052295	1.0	1.0	0.9911872952846779	0.9998780736921491	304
final	OutOfFocus	CP_areashape_only	balanced	1.855263157894737	0.5247797808895674	1.0	2.0	0.23510181830644172	0.7739453976760674	304
final	OutOfFocus	CP_areashape_only	unbalanced	1.700657894736842	0.6285024229956097	1.0	2.0	0.34943519958749997	0.9261658492395048	304
final	OutOfFocus	CP_zernike_only	balanced	2.6184210526315788	0.32691154491375884	1.0	3.0	0.13970896150364792	0.4894789930239414	304
final	OutOfFocus	CP_zernike_only	unbalanced	2.3914473684210527	0.37833916056234496	1.0	2.0	0.15125535881846758	0.5787688965727557	304
final	OutOfFocus	DP	balanced	1.0657894736842106	0.919010884570454	1.0	1.0	0.9979473333609417	0.9999921503770872	304
final	OutOfFocus	DP	unbalanced	1.069078947368421	0.9122444420456656	1.0	1.0	0.9959642637554971	0.9999715531136062	304
final	Polylobed	CP	balanced	4.574931880108992	0.3359006235985576	1.0	8.0	0.00257320089662055	0.676023472491567	367
final	Polylobed	CP	unbalanced	4.299727520435967	0.42535528453100907	1.0	7.0	0.00334714845487565	0.8509016012826602	367
final	Polylobed	CP_and_DP	balanced	4.0653950953678475	0.4065676137031394	1.0	6.5	0.0047113713684871	0.8313741662157745	367
final	Polylobed	CP_and_DP	unbalanced	4.051771117166212	0.4557177734980324	1.0	6.0	0.0041955785070945	0.9138692187655341	367
final	Polylobed	CP_areashape_only	balanced	4.618528610354224	0.13327264985032655	2.0	7.0	0.02861924036109395	0.19966739197259753	367
final	Polylobed	CP_areashape_only	unbalanced	3.3569482288828336	0.23530204927390225	1.0	5.0	0.0455793277602943	0.3706659310434892	367
final	Polylobed	CP_zernike_only	balanced	4.94550408719346	0.10971488136143222	2.0	8.0	0.03529899217488675	0.16059695756007009	367
final	Polylobed	CP_zernike_only	unbalanced	3.2861035422343323	0.21667428080280524	1.0	5.0	0.05786603076481095	0.3431491069966893	367
final	Polylobed	DP	balanced	3.4795640326975477	0.41601150360163563	1.0	4.5	0.0048532620017613	0.8743728104423765	367
final	Polylobed	DP	unbalanced	3.5122615803814714	0.44572571608946354	1.0	4.0	0.007519107256989	0.896638760569409	367
final	Prometaphase	CP	balanced	2.889855072463768	0.4220851677706353	1.0	4.0	0.0262156692059305	0.7516870522865892	345
final	Prometaphase	CP	unbalanced	2.698550724637681	0.48212680335926106	1.0	3.0	0.0272687145576027	0.8433786530219477	345
final	Prometaphase	CP_and_DP	balanced	2.744927536231884	0.5169338971923595	1.0	3.0	0.0365461372907826	0.9268172246355209	345
final	Prometaphase	CP_and_DP	unbalanced	2.7217391304347824	0.5417368493515994	1.0	3.0	0.034880373461323	0.9458115261914412	345
final	Prometaphase	CP_areashape_only	balanced	4.263768115942029	0.22176301393222977	1.0	6.0	0.0305781107332981	0.3513444238543062	345
final	Prometaphase	CP_areashape_only	unbalanced	3.6695652173913045	0.2902822563289058	1.0	5.0	0.0408836606448016	0.5059407590972718	345
final	Prometaphase	CP_zernike_only	balanced	4.840579710144928	0.19878911903692642	1.0	7.0	0.0340426697942022	0.2942544751489843	345
final	Prometaphase	CP_zernike_only	unbalanced	3.971014492753623	0.2711376366830897	1.0	5.0	0.052561810251686	0.4439047979538207	345
final	Prometaphase	DP	balanced	2.643478260869565	0.5083509998501761	1.0	3.0	0.0379151281646389	0.9494668056061628	345
final	Prometaphase	DP	unbalanced	2.6579710144927535	0.5224782324942703	1.0	3.0	0.0511073824641628	0.9570905081997236	345
final	SmallIrregular	CP	balanced	3.7195121951219514	0.42132291684115103	1.0	5.0	0.008575044083957699	0.8035929669877071	164
final	SmallIrregular	CP	unbalanced	3.817073170731707	0.36689618404964947	1.0	5.0	0.00681976406149445	0.7459970173518845	164
final	SmallIrregular	CP_and_DP	balanced	3.024390243902439	0.4544959805624993	1.0	4.0	0.017100459161331676	0.8188176021982041	164
final	SmallIrregular	CP_and_DP	unbalanced	3.018292682926829	0.42705401539324706	1.0	4.0	0.013056300540621851	0.7864578713213417	164
final	SmallIrregular	CP_areashape_only	balanced	4.725609756097561	0.1778693711333276	1.0	8.0	0.03543860366574672	0.2857119923396043	164
final	SmallIrregular	CP_areashape_only	unbalanced	5.219512195121951	0.1462127179766677	2.0	8.0	0.021901323956192452	0.23677856258535657	164
final	SmallIrregular	CP_zernike_only	balanced	5.262195121951219	0.13875691773849547	2.0	9.0	0.029875698538724023	0.2228253148872597	164
final	SmallIrregular	CP_zernike_only	unbalanced	5.646341463414634	0.11360792967898532	2.0	9.0	0.0206508110383466	0.1770130605311059	164
final	SmallIrregular	DP	balanced	2.7865853658536586	0.4277266079593038	1.0	3.0	0.023074815660228027	0.8226889051428806	164
final	SmallIrregular	DP	unbalanced	2.951219512195122	0.39303450325457745	1.0	3.0	0.03749621871591815	0.7328419054307281	164
shuffled_baseline	ADCCM	CP	balanced	9.631578947368421	0.05686739310755737	6.0	14.0	0.00899468888130945	0.0645189316179791	95
shuffled_baseline	ADCCM	CP	unbalanced	10.821052631578947	0.022578337051769783	9.0	12.0	0.009782400024380699	0.0298616725222394	95
shuffled_baseline	ADCCM	CP_and_DP	balanced	9.389473684210527	0.0170957856388871	6.5	13.0	0.00053590962965645	0.0161416534629475	95
shuffled_baseline	ADCCM	CP_and_DP	unbalanced	9.757894736842106	0.030918577332357106	6.5	13.0	0.00423251789405855	0.0335544096499547	95
shuffled_baseline	ADCCM	CP_areashape_only	balanced	9.51578947368421	0.05861824077577618	5.0	14.5	0.0213834328934433	0.08001056925556005	95
shuffled_baseline	ADCCM	CP_areashape_only	unbalanced	11.6	0.029279072212645283	10.0	14.0	0.0106466592243737	0.035461233131243705	95
shuffled_baseline	ADCCM	CP_zernike_only	balanced	8.56842105263158	0.0652385217845906	4.0	14.0	0.04583690306307875	0.07937573429939335	95
shuffled_baseline	ADCCM	CP_zernike_only	unbalanced	12.442105263157895	0.025073301525795483	11.0	14.0	0.0133600222812955	0.033654470776312	95
shuffled_baseline	ADCCM	DP	balanced	9.052631578947368	0.04753005456457001	5.0	13.0	0.0011978622726062501	0.039476123225624	95
shuffled_baseline	ADCCM	DP	unbalanced	7.810526315789474	0.021785225687974287	5.0	10.0	0.00046759332259335	0.012586386706478901	95
shuffled_baseline	Anaphase	CP	balanced	8.773809523809524	0.0671121120205221	4.0	14.0	0.00919363165792415	0.07641727171761473	84
shuffled_baseline	Anaphase	CP	unbalanced	11.130952380952381	0.03061928640955814	9.75	14.0	0.009523463170696975	0.0433437505372028	84
shuffled_baseline	Anaphase	CP_and_DP	balanced	9.428571428571429	0.04412936753396709	6.0	14.0	0.0007172644386676	0.02716630306557305	84
shuffled_baseline	Anaphase	CP_and_DP	unbalanced	9.226190476190476	0.03630285602784484	6.0	13.0	0.005039024651648175	0.03890048853388992	84
shuffled_baseline	Anaphase	CP_areashape_only	balanced	8.69047619047619	0.061212564259553306	4.0	13.0	0.0271347740292501	0.08566453823998604	84
shuffled_baseline	Anaphase	CP_areashape_only	unbalanced	11.55952380952381	0.02950160652670795	10.0	14.0	0.011315084988715226	0.033987141224065126	84
shuffled_baseline	Anaphase	CP_zernike_only	balanced	7.726190476190476	0.06808091269339925	4.0	12.25	0.05286365762024365	0.08028609380109109	84
shuffled_baseline	Anaphase	CP_zernike_only	unbalanced	12.166666666666666	0.028434685062162138	10.75	14.0	0.0190612462512269	0.03561802876728723	84
shuffled_baseline	Anaphase	DP	balanced	10.333333333333334	0.022107083883327376	8.0	13.0	0.001091389998019625	0.019743354620963927	84
shuffled_baseline	Anaphase	DP	unbalanced	8.154761904761905	0.04184028036728302	5.0	11.0	0.0006139095447995499	0.025158977031880525	84
shuffled_baseline	Apoptosis	CP	balanced	6.754578754578755	0.06872625327527412	4.0	10.0	0.0323142786904608	0.0931196159671715	273
shuffled_baseline	Apoptosis	CP	unbalanced	5.029304029304029	0.10562102440037036	3.0	6.0	0.0639857858219747	0.1329487603024414	273
shuffled_baseline	Apoptosis	CP_and_DP	balanced	6.355311355311355	0.09075947523397017	3.0	9.0	0.0027358843824722	0.0941971392648163	273
shuffled_baseline	Apoptosis	CP_and_DP	unbalanced	6.183150183150183	0.0818081133979329	3.0	9.0	0.0147505534278483	0.0968936684738764	273
shuffled_baseline	Apoptosis	CP_areashape_only	balanced	7.56043956043956	0.06503851100302628	4.0	11.0	0.0442318688004682	0.080314383980526	273
shuffled_baseline	Apoptosis	CP_areashape_only	unbalanced	4.996336996336996	0.09291378559253648	3.0	6.0	0.0650987968355201	0.1175678022814944	273
shuffled_baseline	Apoptosis	CP_zernike_only	balanced	7.754578754578755	0.06640822799150234	5.0	11.0	0.0556388377859081	0.0749647042610081	273
shuffled_baseline	Apoptosis	CP_zernike_only	unbalanced	4.761904761904762	0.09255602699071093	4.0	6.0	0.0741046134943586	0.1072206527018366	273
shuffled_baseline	Apoptosis	DP	balanced	6.241758241758242	0.10736510542000002	3.0	9.0	0.0037368807650164	0.1202256497313107	273
shuffled_baseline	Apoptosis	DP	unbalanced	7.366300366300366	0.07910837849863152	4.0	11.0	0.0003105494356431	0.0428952441757047	273
shuffled_baseline	Binuclear	CP	balanced	8.168478260869565	0.06081143136730155	5.0	12.0	0.028607296194912552	0.07202646178958555	184
shuffled_baseline	Binuclear	CP	unbalanced	7.907608695652174	0.05954560358217909	5.75	11.0	0.034590135513404875	0.07388876827000411	184
shuffled_baseline	Binuclear	CP_and_DP	balanced	8.048913043478262	0.05600107679719178	5.0	11.0	0.0032705001351715	0.044535317093216426	184
shuffled_baseline	Binuclear	CP_and_DP	unbalanced	7.880434782608695	0.06872743099788578	5.0	12.0	0.01178953981767855	0.07024503738007253	184
shuffled_baseline	Binuclear	CP_areashape_only	balanced	7.739130434782608	0.06763720769350079	4.0	12.0	0.04018838568604095	0.08370049875483031	184
shuffled_baseline	Binuclear	CP_areashape_only	unbalanced	7.434782608695652	0.06214390296216081	6.0	9.0	0.0413545924763582	0.07954810267419588	184
shuffled_baseline	Binuclear	CP_zernike_only	balanced	8.782608695652174	0.06409900130141864	5.0	12.0	0.050042756457160574	0.07365378839055135	184
shuffled_baseline	Binuclear	CP_zernike_only	unbalanced	7.3478260869565215	0.059668952913561	6.0	8.0	0.046722366920596524	0.07400331345778062	184
shuffled_baseline	Binuclear	DP	balanced	7.505434782608695	0.07376655091923977	4.0	11.0	0.004304397855522475	0.07345884924861945	184
shuffled_baseline	Binuclear	DP	unbalanced	8.26086956521739	0.07000120496882734	4.0	12.0	0.0004111659862057	0.02967998197632025	184
shuffled_baseline	Elongated	CP	balanced	8.636363636363637	0.06170861584306374	5.0	13.0	0.017215543439696147	0.08388166362572877	110
shuffled_baseline	Elongated	CP	unbalanced	10.036363636363637	0.043099585137357656	8.0	13.0	0.024327160970033797	0.059573100290833174	110
shuffled_baseline	Elongated	CP_and_DP	balanced	7.863636363636363	0.07107187003486719	4.0	11.0	0.00123159736804225	0.041228186013525424	110
shuffled_baseline	Elongated	CP_and_DP	unbalanced	8.00909090909091	0.04106434695644721	5.0	11.0	0.008316803261617075	0.05426495033146228	110
shuffled_baseline	Elongated	CP_areashape_only	balanced	9.6	0.052172274223515475	7.0	13.0	0.02587994809124955	0.06309740422436562	110
shuffled_baseline	Elongated	CP_areashape_only	unbalanced	11.154545454545454	0.029967566929821953	8.25	15.0	0.00670358246377745	0.04406711564198852	110
shuffled_baseline	Elongated	CP_zernike_only	balanced	8.863636363636363	0.06056992965456862	6.0	12.0	0.043401477733900025	0.07494870394344921	110
shuffled_baseline	Elongated	CP_zernike_only	unbalanced	11.072727272727272	0.03242493405044867	9.0	13.0	0.022492269857791077	0.0395796319933219	110
shuffled_baseline	Elongated	DP	balanced	9.4	0.05365304217148559	6.0	13.0	0.0001935388211436	0.02696206848062505	110
shuffled_baseline	Elongated	DP	unbalanced	8.409090909090908	0.02155719435099535	6.0	11.0	6.226394915667196e-05	0.011130831695767025	110
shuffled_baseline	Grape	CP	balanced	9.85135135135135	0.044231876417904326	7.0	13.0	0.00366285827530445	0.0378814731888584	74
shuffled_baseline	Grape	CP	unbalanced	10.662162162162161	0.03337672306780855	8.0	13.0	0.0140688816712231	0.04577332867592665	74
shuffled_baseline	Grape	CP_and_DP	balanced	11.297297297297296	0.01130539361616481	10.0	14.0	4.1906283470514404e-05	0.00280036226151135	74
shuffled_baseline	Grape	CP_and_DP	unbalanced	8.905405405405405	0.030348687241474593	6.0	12.0	0.00323695928730665	0.045289206207383824	74
shuffled_baseline	Grape	CP_areashape_only	balanced	10.5	0.05158261864492932	6.0	15.0	0.0103464888425809	0.06884959463986573	74
shuffled_baseline	Grape	CP_areashape_only	unbalanced	12.22972972972973	0.023654041545590206	11.0	14.0	0.005045352431212525	0.0249530112081133	74
shuffled_baseline	Grape	CP_zernike_only	balanced	9.864864864864865	0.05700053169176317	5.25	14.0	0.03804686379623162	0.07197698708942975	74
shuffled_baseline	Grape	CP_zernike_only	unbalanced	13.108108108108109	0.021576115509932037	12.0	15.0	0.010811699199142499	0.026043780737836975	74
shuffled_baseline	Grape	DP	balanced	9.91891891891892	0.025793487081957278	7.25	13.0	0.0007157943468736	0.013412008862324125	74
shuffled_baseline	Grape	DP	unbalanced	8.972972972972974	0.010403783462707665	6.25	11.75	0.000139657158887525	0.008356106435976476	74
shuffled_baseline	Hole	CP	balanced	8.74561403508772	0.057130423696888574	5.0	12.0	0.018085953617737224	0.07247787795501161	114
shuffled_baseline	Hole	CP	unbalanced	10.666666666666666	0.03749024748617166	9.0	13.0	0.02051125123318305	0.0466498281316531	114
shuffled_baseline	Hole	CP_and_DP	balanced	8.74561403508772	0.03874463805570448	5.0	12.0	0.00051503778775915	0.014686534754219676	114
shuffled_baseline	Hole	CP_and_DP	unbalanced	8.93859649122807	0.03811174651526596	6.0	12.0	0.00401712994103005	0.04586778389643512	114
shuffled_baseline	Hole	CP_areashape_only	balanced	8.736842105263158	0.06295365809274366	4.0	13.0	0.03328139327641332	0.080255584628237	114
shuffled_baseline	Hole	CP_areashape_only	unbalanced	9.929824561403509	0.03959104798022914	8.0	12.0	0.0232115065879644	0.0464064559439792	114
shuffled_baseline	Hole	CP_zernike_only	balanced	8.789473684210526	0.06452726191588098	5.0	13.0	0.04779803638859477	0.07499049406774633	114
shuffled_baseline	Hole	CP_zernike_only	unbalanced	10.464912280701755	0.038373012709728906	9.0	12.0	0.027980335471526726	0.046571147590971	114
shuffled_baseline	Hole	DP	balanced	9.175438596491228	0.05665301752370391	5.25	13.0	0.0008516338030081501	0.031468861049571924	114
shuffled_baseline	Hole	DP	unbalanced	8.798245614035087	0.02597134186070981	5.0	12.0	8.977303250920634e-05	0.005781689987563799	114
shuffled_baseline	Interphase	CP	balanced	7.011904761904762	0.06435086173199081	5.0	9.0	0.03852367553318635	0.07806334657420272	420
shuffled_baseline	Interphase	CP	unbalanced	3.8261904761904764	0.130674220070134	1.0	5.0	0.0808461876606971	0.16379079680232367	420
shuffled_baseline	Interphase	CP_and_DP	balanced	6.4	0.1252578565888664	2.0	10.0	0.0043946748747309755	0.15288786039034688	420
shuffled_baseline	Interphase	CP_and_DP	unbalanced	5.864285714285714	0.14367898093217754	2.0	9.0	0.024224241562765224	0.1822117894696857	420
shuffled_baseline	Interphase	CP_areashape_only	balanced	7.3	0.0662954205965295	4.0	10.0	0.04891334665563875	0.08242407754328145	420
shuffled_baseline	Interphase	CP_areashape_only	unbalanced	2.530952380952381	0.14603382720752728	1.0	3.0	0.11549270792744662	0.17081458513202116	420
shuffled_baseline	Interphase	CP_zernike_only	balanced	7.79047619047619	0.06603733281388244	5.0	10.0	0.056844053964164545	0.07445041431122723	420
shuffled_baseline	Interphase	CP_zernike_only	unbalanced	2.242857142857143	0.13923200816500286	1.0	3.0	0.11891000812105035	0.15766876093001084	420
shuffled_baseline	Interphase	DP	balanced	5.985714285714286	0.13578111391849215	2.0	10.0	0.0080133085233027	0.1702557802904328	420
shuffled_baseline	Interphase	DP	unbalanced	6.359523809523809	0.16677809343159355	2.0	11.0	0.001294719317887125	0.17303887017841202	420
shuffled_baseline	Large	CP	balanced	8.329113924050633	0.07702243234119399	4.0	12.5	0.0186801239439292	0.08531406603876635	79
shuffled_baseline	Large	CP	unbalanced	10.20253164556962	0.049166696163256855	7.5	14.0	0.01302584114917165	0.061705214304743405	79
shuffled_baseline	Large	CP_and_DP	balanced	8.822784810126583	0.03792488563991983	6.0	12.0	0.0005479353327001	0.0314826228551282	79
shuffled_baseline	Large	CP_and_DP	unbalanced	8.354430379746836	0.04813416608042404	5.5	11.5	0.007058170531854899	0.05836484168204925	79
shuffled_baseline	Large	CP_areashape_only	balanced	7.2405063291139244	0.11150191281088495	2.0	13.0	0.031673025518468054	0.11876392748214254	79
shuffled_baseline	Large	CP_areashape_only	unbalanced	11.810126582278482	0.02626150720736538	10.0	14.0	0.009816325831434599	0.03603615494330025	79
shuffled_baseline	Large	CP_zernike_only	balanced	8.405063291139241	0.06670688171846012	4.0	13.0	0.04801361100780985	0.0781378907163129	79
shuffled_baseline	Large	CP_zernike_only	unbalanced	12.189873417721518	0.02685521226835467	11.0	14.0	0.019363253398618052	0.03096815318176245	79
shuffled_baseline	Large	DP	balanced	9.025316455696203	0.025988673294616384	6.0	12.0	0.00105322601695835	0.02770807968517745	79
shuffled_baseline	Large	DP	unbalanced	8.734177215189874	0.013881932108776758	6.0	12.0	0.00019790534772505	0.01043907957245415	79
shuffled_baseline	Metaphase	CP	balanced	10.31081081081081	0.06039106814195782	7.25	14.0	0.008877251069015001	0.046097017059649976	74
shuffled_baseline	Metaphase	CP	unbalanced	12.283783783783784	0.02386767593267124	10.25	15.0	0.00789785132913535	0.0363902891194251	74
shuffled_baseline	Metaphase	CP_and_DP	balanced	9.58108108108108	0.026982322408220193	7.25	13.0	0.000372787379128175	0.016163367445178625	74
shuffled_baseline	Metaphase	CP_and_DP	unbalanced	10.662162162162161	0.0231196648746769	9.0	14.0	0.0038446052037687996	0.0223100702268043	74
shuffled_baseline	Metaphase	CP_areashape_only	balanced	9.95945945945946	0.05703000156903444	6.0	15.0	0.021095584550673473	0.07351957040479812	74
shuffled_baseline	Metaphase	CP_areashape_only	unbalanced	12.202702702702704	0.023966602831131105	11.0	14.0	0.009395584764692474	0.032752603858463	74
shuffled_baseline	Metaphase	CP_zernike_only	balanced	7.513513513513513	0.06922782134707124	3.25	12.75	0.053612461217323576	0.08121705762990168	74
shuffled_baseline	Metaphase	CP_zernike_only	unbalanced	12.472972972972974	0.029761223045299844	11.0	15.0	0.017238768979896874	0.03577831694667765	74
shuffled_baseline	Metaphase	DP	balanced	8.77027027027027	0.04894679179196715	5.0	13.0	0.001638724279524325	0.02842386556996595	74
shuffled_baseline	Metaphase	DP	unbalanced	8.81081081081081	0.019906610266343314	6.0	12.0	0.00031110917185525	0.008049587278352624	74
shuffled_baseline	MetaphaseAlignment	CP	balanced	7.377142857142857	0.06666470437036112	4.5	10.0	0.03028900942159715	0.08868427808705055	175
shuffled_baseline	MetaphaseAlignment	CP	unbalanced	7.491428571428571	0.05600592388090559	6.0	9.0	0.033798725807074756	0.0731299201171121	175
shuffled_baseline	MetaphaseAlignment	CP_and_DP	balanced	7.394285714285714	0.07168547955557214	3.5	11.0	0.0014769168495749	0.06523886283367936	175
shuffled_baseline	MetaphaseAlignment	CP_and_DP	unbalanced	8.154285714285715	0.03729291556381713	5.0	11.0	0.00823229728046135	0.04901647243098545	175
shuffled_baseline	MetaphaseAlignment	CP_areashape_only	balanced	7.525714285714286	0.0725850668960379	4.0	11.0	0.0408789305764686	0.08651517176505599	175
shuffled_baseline	MetaphaseAlignment	CP_areashape_only	unbalanced	7.017142857142857	0.06939726106137013	5.5	9.0	0.0392348802809638	0.08563329664077071	175
shuffled_baseline	MetaphaseAlignment	CP_zernike_only	balanced	8.17142857142857	0.0659381606930119	4.0	12.0	0.05007530875181675	0.08026538271730746	175
shuffled_baseline	MetaphaseAlignment	CP_zernike_only	unbalanced	7.308571428571429	0.06350293728379014	6.0	9.0	0.047807443728413	0.07576455374826216	175
shuffled_baseline	MetaphaseAlignment	DP	balanced	8.714285714285714	0.05090004846711908	5.0	13.0	0.00179554774327965	0.0392908697497457	175
shuffled_baseline	MetaphaseAlignment	DP	unbalanced	8.725714285714286	0.029101147679542787	5.0	13.0	0.00013726998666905	0.01390644497085745	175
shuffled_baseline	OutOfFocus	CP	balanced	8.223684210526315	0.04123374498266942	6.0	10.0	0.0249484592935314	0.0522322734893051	304
shuffled_baseline	OutOfFocus	CP	unbalanced	6.358552631578948	0.0828611309407392	3.0	9.0	0.04162959598119262	0.10173560271532364	304
shuffled_baseline	OutOfFocus	CP_and_DP	balanced	9.549342105263158	0.017509031026356366	7.0	13.0	5.854943318626713e-05	0.004956778577291825	304
shuffled_baseline	OutOfFocus	CP_and_DP	unbalanced	5.8881578947368425	0.054930615216887684	3.0	8.0	0.01015969280349915	0.06134385564454275	304
shuffled_baseline	OutOfFocus	CP_areashape_only	balanced	7.5756578947368425	0.06598047133246333	4.0	11.0	0.0341243970952191	0.08811307141182295	304
shuffled_baseline	OutOfFocus	CP_areashape_only	unbalanced	5.720394736842105	0.0961672994731499	4.0	8.0	0.04645114113290497	0.11196387636002625	304
shuffled_baseline	OutOfFocus	CP_zernike_only	balanced	7.6743421052631575	0.06733609676656381	4.0	11.0	0.0555894654302141	0.07790878843402216	304
shuffled_baseline	OutOfFocus	CP_zernike_only	unbalanced	5.016447368421052	0.0878980443691079	4.0	6.0	0.07299384541646357	0.09873845747415888	304
shuffled_baseline	OutOfFocus	DP	balanced	5.828947368421052	0.13263670638750116	2.0	9.0	0.00181189477496635	0.09623933034805662	304
shuffled_baseline	OutOfFocus	DP	unbalanced	8.24671052631579	0.10968764045474266	4.75	12.0	4.134196045568695e-05	0.012276722631670576	304
shuffled_baseline	Polylobed	CP	balanced	6.422343324250681	0.07656247271216805	4.0	9.0	0.0382389555177585	0.089880188474632	367
shuffled_baseline	Polylobed	CP	unbalanced	3.88283378746594	0.12454735637368873	2.0	5.0	0.0798623976392442	0.15125352839776365	367
shuffled_baseline	Polylobed	CP_and_DP	balanced	6.392370572207084	0.11925757974026739	3.0	10.0	0.0036499023917403997	0.108338964933146	367
shuffled_baseline	Polylobed	CP_and_DP	unbalanced	6.389645776566757	0.12163170871169407	3.0	10.0	0.01421916156443185	0.13001284747009856	367
shuffled_baseline	Polylobed	CP_areashape_only	balanced	6.940054495912807	0.06860893908808978	4.0	10.0	0.0468176263336827	0.0833671480523845	367
shuffled_baseline	Polylobed	CP_areashape_only	unbalanced	3.1444141689373297	0.1338019962320466	2.0	4.0	0.09643831929318386	0.159942890954905	367
shuffled_baseline	Polylobed	CP_zernike_only	balanced	7.547683923705722	0.06711147988060805	5.0	10.0	0.0584454162814394	0.0750043647611334	367
shuffled_baseline	Polylobed	CP_zernike_only	unbalanced	2.760217983651226	0.1274142262921332	2.0	4.0	0.10788302019009045	0.14393095869364175	367
shuffled_baseline	Polylobed	DP	balanced	6.490463215258855	0.10757044931728338	3.0	10.0	0.0038801327081007496	0.11039665326419575	367
shuffled_baseline	Polylobed	DP	unbalanced	6.632152588555858	0.16772647877302657	2.0	11.0	0.0005880974206731999	0.1633575558273278	367
shuffled_baseline	Prometaphase	CP	balanced	6.956521739130435	0.06982959402124372	4.0	9.0	0.0395540208545063	0.0835910982601572	345
shuffled_baseline	Prometaphase	CP	unbalanced	4.072463768115942	0.12238004701755756	2.0	5.0	0.0780623702827991	0.150717360326724	345
shuffled_baseline	Prometaphase	CP_and_DP	balanced	5.171014492753623	0.12283358464892088	2.0	7.0	0.0086772862483668	0.1455135398917194	345
shuffled_baseline	Prometaphase	CP_and_DP	unbalanced	5.231884057971015	0.11352640850450726	2.0	7.0	0.0200567753059708	0.1478118392839754	345
shuffled_baseline	Prometaphase	CP_areashape_only	balanced	7.310144927536232	0.06686142878372978	5.0	10.0	0.0500736982490136	0.0820901246567536	345
shuffled_baseline	Prometaphase	CP_areashape_only	unbalanced	3.782608695652174	0.11443883004682857	2.0	5.0	0.0864282717312212	0.1372319563955562	345
shuffled_baseline	Prometaphase	CP_zernike_only	balanced	7.220289855072464	0.06888985929195234	4.0	10.0	0.0583881528653068	0.0773715560622717	345
shuffled_baseline	Prometaphase	CP_zernike_only	unbalanced	3.1623188405797102	0.11803804819094556	2.0	4.0	0.1027155764665666	0.132918691625565	345
shuffled_baseline	Prometaphase	DP	balanced	5.959420289855072	0.13227288433308326	3.0	9.0	0.0067524625957608	0.1521143275886713	345
shuffled_baseline	Prometaphase	DP	unbalanced	5.846376811594203	0.14628488877490595	2.0	9.0	0.0009352075759626	0.1261508778563972	345
shuffled_baseline	SmallIrregular	CP	balanced	8.146341463414634	0.0592466694698445	5.0	11.0	0.0257833821197755	0.08053256949251933	164
shuffled_baseline	SmallIrregular	CP	unbalanced	8.457317073170731	0.04213078862962046	7.0	10.0	0.02523799745924645	0.05306623795079595	164
shuffled_baseline	SmallIrregular	CP_and_DP	balanced	7.829268292682927	0.05234987284546568	4.0	12.0	0.001331381979420875	0.04284588811912407	164
shuffled_baseline	SmallIrregular	CP_and_DP	unbalanced	8.713414634146341	0.04716025563502621	5.0	12.0	0.006471874069553375	0.060953151397739824	164
shuffled_baseline	SmallIrregular	CP_areashape_only	balanced	7.579268292682927	0.07087139592390179	4.0	11.0	0.04466021196194697	0.08233320257664355	164
shuffled_baseline	SmallIrregular	CP_areashape_only	unbalanced	8.207317073170731	0.05638178344728376	6.0	10.0	0.036031624432446875	0.07077700225431052	164
shuffled_baseline	SmallIrregular	CP_zernike_only	balanced	7.554878048780488	0.07024492214350199	3.0	11.0	0.055888465882515476	0.0834211126777781	164
shuffled_baseline	SmallIrregular	CP_zernike_only	unbalanced	8.00609756097561	0.054656512846889146	6.0	9.0	0.040443169765385326	0.06508662611804003	164
shuffled_baseline	SmallIrregular	DP	balanced	6.774390243902439	0.0776010940517604	3.75	10.0	0.0052168088338041	0.08359221457130232	164
shuffled_baseline	SmallIrregular	DP	unbalanced	8.121951219512194	0.027106350847130686	4.0	12.0	0.00024159233711469998	0.0200587118481002	164
